Nombre_Fondo,Moneda,Fecha,Plazo_Liquidacion,Valor_Cuotaparte_Actual,Rendimiento_Del_Dia_%,Rendimiento_Del_Mes_%,Rendimiento_Del_Anio_%
Allaria Equity Selection - Clase A,ARS,2026-05-08,1.0,1802.716,-3.207,22.832,86.166
Allaria Equity Selection - Clase B,ARS,2026-05-08,1.0,1832.381,-3.183,23.402,88.641
Allaria Equity Selection - Clase C,ARS,2026-05-08,1.0,1000,0.0,0.0,0.0
MAF Acciones Argentinas - Clase A,ARS,2026-05-08,2.0,865354.499,-0.259,-7.282,31.069
MAF Acciones Argentinas - Clase B,ARS,2026-05-08,2.0,865354.512,-0.259,-7.282,31.069
MAF Acciones Argentinas - Clase RAP Ley N° 27.743,ARS,2026-05-08,2.0,1126.356,0.0,0.0,-1.159
SBS Acciones Brasil - Clase A,ARS,2026-05-08,1.0,1561.326,-4.938,19.598,78.064
SBS Acciones Brasil - Clase B,ARS,2026-05-08,1.0,5366.752,-4.91,20.23,80.761
SBS Acciones Brasil - Clase Ley N° 27.743,ARS,2026-05-08,1.0,1566.644,-4.938,19.598,56.664
1822 Raices Valores Negociables,ARS,2026-05-08,1.0,26039301.235,0.004,-8.085,32.022
Adcap Acciones - Clase A,ARS,2026-05-08,2.0,171920.042,-0.265,-7.276,30.628
Adcap Acciones - Clase B,ARS,2026-05-08,2.0,201977.144,-0.246,-6.949,31.944
Adcap Acciones - Clase Ley Nº 27.743,ARS,2026-05-08,2.0,1658.585,-0.265,-7.292,30.607
Allaria Acciones - Clase A,ARS,2026-05-08,1.0,776363.765,-0.197,-7.589,31.62
Allaria Acciones - Clase B,ARS,2026-05-08,1.0,1086280.531,-0.171,-7.16,33.369
Allaria Acciones - Clase Ley Nº 27.743,ARS,2026-05-08,1.0,1701.506,,,
Alpha Acciones - Clase A,ARS,2026-05-08,1.0,53986.943,-0.174,-7.744,32.273
Alpha Acciones - Clase B,ARS,2026-05-08,1.0,31768.54,-0.222,-8.602,28.369
Alpha Acciones - Clase C,ARS,2026-05-08,1.0,30667.814,-0.23,-8.709,28.219
Alpha Acciones - Clase D,ARS,2026-05-08,1.0,0.419,0.964,3.713,-19.423
Alpha Acciones - Clase E,ARS,2026-05-08,1.0,17.941,0.854,-5.225,3.365
Alpha Acciones - Clase I,ARS,2026-05-08,1.0,0.415,1.22,4.01,-19.261
Alpha Acciones - Clase J,ARS,2026-05-08,1.0,1110.031,0.0,0.0,0.0
Alpha Acciones - Clase K,ARS,2026-05-08,1.0,14658.42,-0.222,-8.602,28.369
Alpha Acciones - Clase Q Ley N° 27.743,ARS,2026-05-08,1.0,1446.539,-0.231,-8.709,28.219
Alpha Mega - Clase A,ARS,2026-05-08,1.0,767272.979,-0.052,-9.24,30.887
Alpha Mega - Clase B,ARS,2026-05-08,1.0,448525.66,-0.1,-10.084,27.024
Alpha Mega - Clase C,ARS,2026-05-08,1.0,428326.525,-0.109,-10.188,26.876
Alpha Mega - Clase D,ARS,2026-05-08,1.0,180.166,1.086,3.815,-19.386
Alpha Mega - Clase E,ARS,2026-05-08,1.0,257.796,0.976,-6.763,2.279
Alpha Mega - Clase I,ARS,2026-05-08,1.0,6.209,1.091,3.812,-19.385
Alpha Mega - Clase J,ARS,2026-05-08,1.0,1352.322,0.0,0.0,0.0
Alpha Mega - Clase K,ARS,2026-05-08,1.0,1110.441,0.0,0.0,0.0
Alpha Mercosur - Clase A,ARS,2026-05-08,1.0,38513119.054,-1.407,-0.693,45.153
Alpha Mercosur - Clase B,ARS,2026-05-08,1.0,31243179.749,-1.455,-1.56,41.59
Alpha Mercosur - Clase C,ARS,2026-05-08,1.0,77.434,1.086,3.814,-19.387
Alpha Mercosur - Clase D,ARS,2026-05-08,1.0,17491.346,-0.393,1.856,13.763
Alpha Mercosur - Clase I,ARS,2026-05-08,1.0,77.32,1.086,3.814,-19.387
Alpha Mercosur - Clase J,ARS,2026-05-08,1.0,1279.432,0.0,0.0,8.848
Alpha Mercosur - Clase K,ARS,2026-05-08,1.0,13040.896,-1.455,-1.56,41.592
Arpenta Acciones Argentina,ARS,2026-05-08,2.0,786792.585,0.051,-1.925,52.936
Balanz Acciones - Clase A,ARS,2026-05-08,1.0,144579.762,-0.095,-7.77,31.143
Balanz Acciones - Clase B,ARS,2026-05-08,1.0,151763.211,-0.084,-7.576,32.522
Balanz Acciones - Clase C,ARS,2026-05-08,1.0,64872.082,-0.083,-7.56,32.588
Balanz Acciones - Clase D,ARS,2026-05-08,1.0,1285.433,-0.083,-7.56,-9.018
Balanz Acciones - Clase E,ARS,2026-05-08,1.0,73685.509,-0.083,-7.56,32.588
Balanz Acciones - Clase F,ARS,2026-05-08,1.0,1000,0.0,0.0,0.0
Balanz Acciones - Clase G,ARS,2026-05-08,1.0,1000,0.0,0.0,0.0
Balanz Acciones - Clase L Ley Nº 27.743,ARS,2026-05-08,1.0,1621.674,0.0,-2.727,38.312
Balanz Equity Selection - Clase A,ARS,2026-05-08,1.0,14938.684,-0.79,-6.12,33.188
Balanz Equity Selection - Clase B,ARS,2026-05-08,1.0,4372.067,-0.783,-5.99,33.72
Balanz Equity Selection - Clase C,ARS,2026-05-08,1.0,10047.484,-0.781,-5.957,33.857
Balanz Equity Selection - Clase D,ARS,2026-05-08,1.0,1000,0.0,0.0,0.0
Balanz Soja - Clase A,ARS,2026-05-08,1.0,1623.656,0.417,-4.217,34.421
Balanz Soja - Clase B,ARS,2026-05-08,1.0,1139.355,0.0,0.0,0.0
Balanz Soja - Clase C,ARS,2026-05-08,1.0,1002.291,0.0,0.0,-1.623
Balanz Soja - Clase D,ARS,2026-05-08,1.0,978.383,0.0,0.0,0.0
Bull Market Acciones Argentinas - Clase A,ARS,2026-05-08,1.0,88875.89,-1.374,-5.018,37.546
Bull Market Acciones Argentinas - Clase B,ARS,2026-05-08,1.0,89794.171,-1.374,-5.018,37.546
Chimpay Agresivo - Clase A,ARS,2026-05-08,1.0,1038.702,2.144,,
Chimpay Agresivo - Clase B,ARS,2026-05-08,1.0,1040.112,2.159,,
Chimpay Agresivo - Clase C,ARS,2026-05-08,1.0,1000,0.0,,
CMA Acciones - Clase A,ARS,2026-05-08,1.0,75798.184,1.168,-3.717,36.821
CMA Acciones - Clase B,ARS,2026-05-08,1.0,80571.525,1.187,-3.38,38.201
CMA Acciones - Clase C,ARS,2026-05-08,1.0,92835.616,1.213,-2.94,40.016
CMA Acciones - Clase I,ARS,2026-05-08,1.0,33140.778,1.251,-2.278,42.779
CMA Acciones - Clase Ley N° 27.743,ARS,2026-05-08,1.0,1632.674,1.168,-3.717,36.82
Cocos Acciones - Clase A,ARS,2026-05-08,1.0,1385.933,-0.011,-2.749,
Cocos Acciones - Clase B,ARS,2026-05-08,1.0,1406.728,-0.011,-2.749,
Cocos Acciones - Clase C,ARS,2026-05-08,1.0,1000,0.0,0.0,
Cocos Acciones - Clase Ley N° 27.743,ARS,2026-05-08,1.0,1000,0.0,0.0,
Compass Crecimiento - Clase A,ARS,2026-05-08,1.0,9695678.58,-0.176,-7.008,34.502
Compass Crecimiento - Clase B,ARS,2026-05-08,1.0,12905639.451,-0.151,-6.527,36.525
Compass Crecimiento - Clase C,ARS,2026-05-08,1.0,14981186.025,-0.136,-6.238,37.752
Compass Crecimiento - Clase H Ley 27.743,ARS,2026-05-08,1.0,1493.447,-0.176,-7.008,34.502
Compass Crecimiento - Clase I Ley 27.743,ARS,2026-05-08,1.0,1605.171,-0.109,-5.735,37.683
Compass Crecimiento II - Clase A,ARS,2026-05-08,1.0,661090.608,0.41,13.981,59.858
Compass Crecimiento II - Clase B,ARS,2026-05-08,1.0,831694.558,0.41,13.981,59.936
Compass Crecimiento II - Clase C,ARS,2026-05-08,1.0,1107615.916,0.437,14.617,62.654
Compass Crecimiento II - Clase H Ley 27.743,ARS,2026-05-08,1.0,1636.254,0.437,14.616,61.344
Consultatio Acciones Argentina - Clase A,ARS,2026-05-08,1.0,14711452.471,0.185,-6.88,35.048
Consultatio Acciones Argentina - Clase B,ARS,2026-05-08,1.0,16599108.055,0.209,-6.47,36.747
Consultatio Acciones Argentina - Clase C,ARS,2026-05-08,1.0,17154985.978,0.217,-6.339,37.295
Consultatio Acciones Argentina - Clase Z Ley N° 27.743,ARS,2026-05-08,1.0,1657.191,0.25,-5.823,37.692
Crecer Acciones - Clase A,ARS,2026-05-08,1.0,1284.935,0.065,-8.215,28.494
Crecer Acciones - Clase B,ARS,2026-05-08,1.0,1303.016,0.092,-7.763,30.302
Delta Acciones - Clase A,ARS,2026-05-08,1.0,1537908.988,-0.203,-9.216,28.393
Delta Acciones - Clase B,ARS,2026-05-08,1.0,2175426.555,-0.176,-8.769,30.204
Delta Acciones - Clase E,ARS,2026-05-08,1.0,55103.635,0.0,0.0,0.0
Delta Acciones - Clase K Ley Nº 27.743,ARS,2026-05-08,1.0,1550.021,-0.203,-9.216,28.393
Delta Acciones - Clase L Ley Nº 27.743,ARS,2026-05-08,1.0,1000,0.0,0.0,0.0
Delta Recursos Naturales - Clase A,ARS,2026-05-08,1.0,1305141.235,-2.335,-2.289,51.871
Delta Recursos Naturales - Clase B,ARS,2026-05-08,1.0,1807654.133,-2.309,-1.808,54.012
Delta Recursos Naturales - Clase E,ARS,2026-05-08,1.0,1924556.855,-2.294,-1.532,55.249
Delta Select - Clase A,ARS,2026-05-08,1.0,623290.511,-0.105,-8.806,29.977
Delta Select - Clase B,ARS,2026-05-08,1.0,92645.404,-0.063,-8.1,32.869
Dracma Multiestrategia II - Clase A,ARS,2026-05-08,1.0,1458.4,-0.055,-4.748,
Dracma Multiestrategia II - Clase B,ARS,2026-05-08,1.0,1497.5,-0.053,-4.691,
Dracma Multiestrategia II - Clase C,ARS,2026-05-08,1.0,1000,0.0,0.0,
Dracma Multiestrategia II - Clase D,ARS,2026-05-08,1.0,1000,0.0,0.0,
FBA Acciones Argentinas - Clase A,ARS,2026-05-08,1.0,556275.307,-0.227,-8.427,29.959
FBA Acciones Argentinas - Clase B,ARS,2026-05-08,1.0,652637.934,-0.198,-7.934,31.965
FBA Acciones Argentinas - Clase J Ley N° 27.743,ARS,2026-05-08,1.0,556437.351,-0.227,-8.427,29.959
FBA Acciones Argentinas - Clase K Ley N° 27.743,ARS,2026-05-08,1.0,426094.454,,,
Fima Acciones - Clase A,ARS,2026-05-08,1.0,241168.751,-0.237,-10.117,26.872
Fima Acciones - Clase B,ARS,2026-05-08,1.0,272748.421,-0.214,-9.732,28.426
Fima Acciones - Clase E,ARS,2026-05-08,1.0,315412.294,-0.204,-9.572,
Fima PB Acciones - Clase A,ARS,2026-05-08,1.0,2819112.505,0.063,-7.191,36.798
Fima PB Acciones - Clase B,ARS,2026-05-08,1.0,3335171.393,0.087,-6.794,38.474
Fima PB Acciones - Clase L Ley N° 27.743,ARS,2026-05-08,1.0,1727.542,,,
Galileo Acciones - Clase A,ARS,2026-05-08,1.0,350830.531,-2.375,1.656,45.963
Galileo Acciones - Clase B,ARS,2026-05-08,1.0,386765.247,-2.347,2.189,48.174
IEB Value - Clase A,ARS,2026-05-08,2.0,47163.077,0.223,-5.097,35.623
IEB Value - Clase B,ARS,2026-05-08,2.0,21278.414,0.243,-4.686,37.548
IEB Value - Clase C,ARS,2026-05-08,2.0,1000,0.0,0.0,0.0
IEB Value - Clase Ley N° 27.743,ARS,2026-05-08,2.0,1401.337,0.0,-12.096,25.622
Julio A. Roca Valores Negociables,ARS,2026-05-08,2.0,105033.671,-0.81,-12.968,17.301
Lombard Acciones Lideres,ARS,2026-05-08,1.0,185550.832,0.182,-7.667,35.679
Max Acciones Argentinas - Clase A,ARS,2026-05-08,1.0,1211.344,-0.318,-8.264,21.134
Max Acciones Argentinas - Clase B,ARS,2026-05-08,1.0,1199.07,-0.303,-8.022,19.907
Max Acciones Argentinas - Clase C,ARS,2026-05-08,1.0,1000,0.0,0.0,0.0
Max Acciones Argentinas - Clase D,ARS,2026-05-08,1.0,1000,0.0,0.0,0.0
Max Acciones Argentinas - Clase H Ley N° 27.743,ARS,2026-05-08,1.0,1002.181,-0.318,-8.264,
MEGAQM Acciones - Clase A,ARS,2026-05-08,1.0,213524.384,-0.638,-7.245,34.102
MEGAQM Acciones- Clase B,ARS,2026-05-08,1.0,252088.714,-0.611,-6.781,36.026
MEGAQM Acciones- Clase Ley Nº 27.743,ARS,2026-05-08,1.0,1475.104,0.0,5.851,53.036
Parakeet Capital Plus - Clase A,ARS,2026-05-08,2.0,1122.79,-0.838,-5.689,9.163
Parakeet Capital Plus - Clase B,ARS,2026-05-08,2.0,1131.942,-0.829,-5.524,9.71
Parakeet Capital Plus - Clase X Ley N° 27.743,ARS,2026-05-08,2.0,1121.587,-0.838,-5.689,9.162
Pellegrini Acciones - Clase A,ARS,2026-05-08,1.0,131212.101,0.223,-8.646,30.373
Pellegrini Acciones - Clase B,ARS,2026-05-08,1.0,137199.03,0.232,-8.483,31.029
Pionero Acciones - Clase A,ARS,2026-05-08,1.0,1503287.094,-0.056,-8.479,25.748
Pionero Acciones - Clase B,ARS,2026-05-08,1.0,1508048.629,-0.025,,
Pionero Acciones Plus - Clase A,ARS,2026-05-08,2.0,257173.779,-1.846,-7.59,25.776
Pionero Acciones Plus - Clase B,ARS,2026-05-08,2.0,327738.522,-1.815,-7.052,27.873
SBS Acciones Argentina - Clase A,ARS,2026-05-08,1.0,1521600.75,-0.019,-8.384,33.701
SBS Acciones Argentina - Clase B,ARS,2026-05-08,1.0,1740131.901,0.001,-8.061,35.049
SBS Acciones Argentina - Clase Ley N° 27.743,ARS,2026-05-08,1.0,1581.804,-0.019,-8.384,33.702
SBS Tavelli Plus - Clase P,ARS,2026-05-08,1.0,3779175.231,-1.682,-1.408,38.719
Superfondo Acciones - Clase A,ARS,2026-05-08,2.0,472882.785,-1.6,-2.052,33.834
Superfondo Acciones - Clase B,ARS,2026-05-08,2.0,734098.289,-1.575,-1.599,35.605
Superfondo Acciones - Clase F Ley N° 27.743,ARS,2026-05-08,2.0,371559.231,-1.6,-2.052,33.834
Superfondo Acciones - Clase H,ARS,2026-05-08,2.0,57448.342,-1.6,-2.052,33.834
Superfondo Acciones - Clase I,ARS,2026-05-08,2.0,63068.119,-1.575,-1.599,35.606
Toronto Trust Multimercado - Clase A,ARS,2026-05-08,1.0,322462.503,0.494,-7.369,33.719
Toronto Trust Multimercado - Clase B,ARS,2026-05-08,1.0,349660.451,0.505,-7.173,34.526
Toronto Trust Multimercado - Clase C,ARS,2026-05-08,1.0,345016.487,0.499,-7.271,34.121
Toronto Trust Multimercado - Clase D,ARS,2026-05-08,1.0,6761.183,0.0,0.0,0.0
Toronto Trust Multimercado - Clase Ley N° 27.743,ARS,2026-05-08,1.0,1579.899,0.494,-7.369,33.718
Wise Capital Equity - Clase A,ARS,2026-05-08,1.0,751.479,0.698,-20.17,-17.143
Wise Capital Equity - Clase B,ARS,2026-05-08,1.0,751.479,0.698,-20.17,-17.143
Wise Capital Equity - Clase C,ARS,2026-05-08,1.0,645.432,0.698,-20.169,-17.142
Wise Capital Equity - Clase D,ARS,2026-05-08,1.0,1004.177,0.74,0.418,0.418
Wise Capital Equity - Clase J Ley N° 27.743,ARS,2026-05-08,1.0,661.773,0.695,-20.112,-17.082
Integrae Acciones - Clase A,ARS,2026-05-08,2.0,1520.749,,,
Integrae Acciones - Clase B,ARS,2026-05-08,2.0,1643.422,,,
Probolsa Acciones,ARS,2026-05-08,2.0,1000,,,
Superfondo Acciones Brasil - Clase C,USD,2026-05-08,5.0,2537715.827,-3.874,14.46,80.362
Delta Internacional - Clase A,ARS,2026-05-08,1.0,748358.217,0.016,-8.731,33.018
Delta Internacional - Clase B,ARS,2026-05-08,1.0,300565.33,0.043,-8.281,34.894
Delta Internacional - Clase K Ley Nº 27.743,ARS,2026-05-08,1.0,1000,0.0,0.0,0.0
Delta Internacional - Clase L Ley Nº 27.743,ARS,2026-05-08,1.0,1000,0.0,0.0,0.0
Compass Renta Mixta Dólares - Clase D,USB,2026-05-08,2.0,574.737,0.361,3.39,-99.9
Compass Renta Mixta Dólares - Clase E,USB,2026-05-08,2.0,674.473,0.378,3.747,-99.899
Compass Renta Mixta Dólares - Clase F,USB,2026-05-08,2.0,889.401,0.4,4.236,-99.897
Delta Latinoamerica - Clase A,ARS,2026-05-08,1.0,1997030.65,-3.457,21.553,74.316
Delta Latinoamerica - Clase B,ARS,2026-05-08,1.0,428451.666,-3.431,22.152,76.774
FBA Acciones Latinoamericana - Clase A,ARS,2026-05-08,2.0,3180951.617,-4.918,23.738,77.753
FBA Acciones Latinoamericana - Clase B,ARS,2026-05-08,2.0,4334635.587,-4.89,24.405,80.497
Superfondo Latinoamerica - Clase C,USD,2026-05-08,5.0,8613794.643,-1.956,19.197,93.367
Superfondo Latinoamerica - Clase D,USD,2026-05-08,5.0,12959176.89,-1.923,19.933,96.793
Compass Renta Mixta II - Clase A,ARS,2026-05-08,3.0,1610.128,-3.109,21.633,71.474
Compass Renta Mixta II - Clase B,ARS,2026-05-08,3.0,1631.75,-3.09,22.136,73.523
Compass Renta Mixta II - Clase C,ARS,2026-05-08,3.0,1669.088,-3.059,22.939,76.865
Compass Renta Mixta II - Clase H,ARS,2026-05-08,3.0,1646.807,-3.109,21.633,71.474
Compass Renta Mixta II - Clase I,ARS,2026-05-08,3.0,1757.8,-3.059,22.939,76.864
Delta Acciones - Clase I,ARS,2026-05-08,1.0,0.857,1.061,3.879,-19.379
Delta Internacional - Clase I,ARS,2026-05-08,1.0,0.601,1.178,3.8,-19.329
Alpha Latam - Clase J,USD,2026-05-08,1.0,1136.052,-0.023,19.456,20.839
Alpha Latam - Clase K,USD,2026-05-08,1.0,1649.649,-0.068,18.545,30.715
Compass Renta Mixta Dólares - Clase A,USB,2026-05-08,2.0,626.012,0.361,3.391,
Compass Renta Mixta Dólares - Clase B,USB,2026-05-08,2.0,718.463,0.378,3.746,
Compass Renta Mixta Dólares - Clase C,USB,2026-05-08,2.0,889.401,0.4,4.236,
FBA Acciones Globales Dólar I - Clase B,USB,2026-05-08,2.0,999.143,-0.011,-0.088,
MAF Acciones Argentinas - Clase D,ARS,2026-05-08,2.0,30.029,1.087,3.813,-19.033
MAF Acciones Argentinas - Clase E,ARS,2026-05-08,2.0,1000,,,
Allaria Acciones - Clase W Art. 11 Decreto 99/2019 y mod,ARS,2026-05-08,1.0,106.193,0.801,3.887,-18.792
Alpha Mega - Clase R Art. 11 Decreto 99/2019 y mod,ARS,2026-05-08,1.0,0.701,1.154,3.852,-19.333
Balanz Equity Selection - Clase E,ARS,2026-05-08,1.0,1000,0.0,0.0,0.0
Balanz Equity Selection - Clase F,ARS,2026-05-08,1.0,1000,0.0,0.0,0.0
Balanz Soja - Clase E,ARS,2026-05-08,1.0,1000,0.0,0.0,0.0
Balanz Soja - Clase F,ARS,2026-05-08,1.0,1000,0.0,0.0,0.0
Chimpay Agresivo - Clase D,ARS,2026-05-08,1.0,1000,0.0,,
Chimpay Agresivo - Clase E,ARS,2026-05-08,1.0,1000,0.0,,
Chimpay Agresivo - Clase F,ARS,2026-05-08,1.0,1000,0.0,,
Compass Crecimiento - Clase D,ARS,2026-05-08,1.0,6526.758,0.817,-4.61,5.749
Compass Crecimiento - Clase E,ARS,2026-05-08,1.0,10062.166,0.885,-3.273,10.095
Compass Crecimiento - Clase F,ARS,2026-05-08,1.0,10102.259,0.857,-3.82,8.304
Compass Crecimiento II - Clase D,ARS,2026-05-08,1.0,552.394,1.436,17.573,27.883
Compass Crecimiento II - Clase E,ARS,2026-05-08,1.0,650.983,1.436,17.573,27.883
Compass Crecimiento II - Clase F,ARS,2026-05-08,1.0,746.898,1.436,17.573,27.883
Delta Acciones - Clase F,ARS,2026-05-08,1.0,879.428,0.994,2.579,8.273
Delta Acciones - Clase G,ARS,2026-05-08,1.0,33.537,0.997,2.578,-21.376
Delta Recursos Naturales - Clase F,ARS,2026-05-08,1.0,918.048,0.994,2.579,24.363
Delta Recursos Naturales - Clase G,ARS,2026-05-08,1.0,34.11,0.995,2.58,-21.378
Delta Select - Clase F,ARS,2026-05-08,1.0,656.679,0.895,-6.415,2.266
Delta Select - Clase G,ARS,2026-05-08,1.0,25.878,0.995,2.581,-21.377
Galileo Acciones - Clase C,ARS,2026-05-08,1.0,273.855,-2.715,6.137,22.573
Galileo Acciones - Clase D,ARS,2026-05-08,1.0,3.047,-0.36,4.242,-16.452
IEB Value - Clase D,ARS,2026-05-08,2.0,33.09,1.088,2.051,13.194
IEB Value - Clase E,ARS,2026-05-08,2.0,3.151,1.091,3.822,-19.391
IEB Value - Clase F,ARS,2026-05-08,2.0,1000,0.0,0.0,0.0
Superfondo Acciones Brasil - Clase A,USD,2026-05-08,5.0,1714.629,-2.521,17.528,42.169
Superfondo Acciones Brasil - Clase B,USD,2026-05-08,5.0,2966.668,-2.447,19.153,47.844
Delta Internacional - Clase F,ARS,2026-05-08,1.0,893.098,0.994,2.579,13.222
Delta Internacional - Clase G,ARS,2026-05-08,1.0,64.311,0.994,2.579,-21.377
Alpha Latam - Clase A,USD,2026-05-08,1.0,1823.314,-0.029,19.442,33.835
Alpha Latam - Clase B,USD,2026-05-08,1.0,1511.262,-0.068,18.545,30.704
Alpha Latam - Clase C,USD,2026-05-08,1.0,1439.772,-0.07,18.532,30.947
Alpha Latam - Clase D,USD,2026-05-08,1.0,1000,0.0,0.0,0.0
Alpha Latam - Clase H,USD,2026-05-08,1.0,1000,0.0,0.0,0.0
Alpha Latam - Clase I,USD,2026-05-08,1.0,1000,0.0,0.0,0.0
Alpha Latam - Clase Q Ley N° 27.743,USD,2026-05-08,1.0,1381.554,-0.076,18.406,30.552
Compass Renta Mixta Dólares - Clase H Ley N° 27.743,USB,2026-05-08,2.0,1065.833,0.361,3.39,
Fima Acciones Latinoamerica - Clase A,USD,2026-05-08,3.0,1688.851,-1.484,22.565,53.26
Fima Acciones Latinoamerica - Clase B,USD,2026-05-08,3.0,1721.18,-1.479,22.674,53.65
Fima Acciones Latinoamerica - Clase C,USD,2026-05-08,3.0,1768.978,-1.474,22.784,54.037
Superfondo Latinoamerica - Clase A,USD,2026-05-08,5.0,5819.144,-0.576,22.388,52.408
Superfondo Latinoamerica - Clase B,USD,2026-05-08,5.0,9193.179,-0.501,24.081,58.494
1810 Mas Ahorro,ARS,2026-05-08,1.0,63539.452,0.538,12.177,39.684
1822 Raices Ahorro Plus - Clase A,ARS,2026-05-08,0.0,1812.234,0.584,11.229,36.925
1822 Raices Valores Fiduciarios,ARS,2026-05-08,1.0,221639.303,0.309,12.293,47.065
Adcap Balanceado I - Clase A,ARS,2026-05-08,2.0,130208.667,0.79,,53.045
Adcap Balanceado I - Clase B,ARS,2026-05-08,2.0,118543.906,0.72,9.824,51.994
Adcap Balanceado VI - Clase A,ARS,2026-05-08,2.0,104541.6,,,43.987
Adcap Balanceado VI - Clase B,ARS,2026-05-08,2.0,16738.596,0.41,9.724,46.827
Adcap Balanceado VI - Clase C,ARS,2026-05-08,2.0,12308.006,,,
Adcap Balanceado VI - Clase D,ARS,2026-05-08,2.0,1000.191,,,
Adcap Balanceado VI - Clase E,ARS,2026-05-08,2.0,1000.217,,,
Adcap Balanceado VI - Clase Ley Nº 27.743,ARS,2026-05-08,2.0,1292.634,,,
Adcap Cobertura - Clase A,ARS,2026-05-08,2.0,39143.415,0.922,17.789,47.546
Adcap Cobertura - Clase B,ARS,2026-05-08,2.0,40628.135,0.933,18.017,48.361
Adcap Cobertura - Clase C,ARS,2026-05-08,2.0,43042.351,0.978,18.265,50.566
Adcap Cobertura - Clase Ley Nº 27.743,ARS,2026-05-08,2.0,1335.351,,,
Adcap Financiamiento Megra - Clase A,ARS,2026-05-08,2.0,1621.234,0.436,12.812,45.321
Adcap Financiamiento Megra - Clase B,ARS,2026-05-08,2.0,1620.983,0.436,12.812,45.32
Adcap Financiamiento Megra - Clase Ley N° 27.743,ARS,2026-05-08,2.0,1298.96,,,
Adcap Moneda - Clase A,ARS,2026-05-08,2.0,28436.24,0.395,-2.539,23.493
Adcap Moneda - Clase B,ARS,2026-05-08,2.0,28023.772,0.405,-2.35,24.176
Adcap Moneda - Clase C,ARS,2026-05-08,2.0,30179.645,0.451,-1.544,27.12
Adcap Moneda - Clase Ley Nº 27.743,ARS,2026-05-08,2.0,1201.821,,,
Adcap Pesos Plus - Clase A,ARS,2026-05-08,1.0,130852.79,0.428,13.977,40.635
Adcap Pesos Plus - Clase B,ARS,2026-05-08,1.0,136145.264,0.44,14.237,41.554
Adcap Pesos Plus - Clase C,ARS,2026-05-08,1.0,76012.122,0.446,14.358,41.98
Adcap Pesos Plus - Clase Ley Nº 27.743,ARS,2026-05-08,1.0,1775.792,,,
Alianza de Capitales,ARS,2026-05-08,3.0,217169.307,-2.701,8.601,38.461
Allaria Ahorro Plus - Clase A,ARS,2026-05-08,1.0,233025.508,0.248,9.72,39.447
Allaria Ahorro Plus - Clase B,ARS,2026-05-08,1.0,234116.27,0.253,9.817,39.796
Allaria Ahorro Plus - Clase C,ARS,2026-05-08,1.0,24497.81,0.258,9.905,40.118
Allaria Ahorro Plus - Clase D,ARS,2026-05-08,1.0,1080.237,0.0,0.0,0.0
Allaria Ahorro Plus - Clase Ley Nº 27.743,ARS,2026-05-08,1.0,1614.282,,,
Allaria Dinámico III - Clase A,ARS,2026-05-08,0.0,1953.692,0.545,10.782,36.726
Allaria Dinámico III - Clase B,ARS,2026-05-08,0.0,3669.508,0.55,10.879,37.068
Allaria Dinámico III - Clase C,ARS,2026-05-08,0.0,2027.227,0.554,10.968,37.383
Allaria Dinámico IV - Clase A,ARS,2026-05-08,1.0,1000,0.0,0.0,0.0
Allaria Dinámico IV - Clase B,ARS,2026-05-08,1.0,2871.179,-0.874,7.541,42.522
Allaria Dinámico IV - Clase C,ARS,2026-05-08,1.0,1000,0.0,0.0,0.0
Allaria Renta Balanceada II - Clase A,ARS,2026-05-08,0.0,175365.174,0.646,13.697,48.585
Allaria Renta Balanceada II - Clase B,ARS,2026-05-08,0.0,175371.851,0.646,13.697,48.585
Allaria Renta Balanceada II - Clase C,ARS,2026-05-08,0.0,1781.395,0.0,0.0,0.0
Alpha Ahorro - Clase A,ARS,2026-05-08,1.0,12304.669,0.608,11.691,39.27
Alpha Ahorro - Clase B,ARS,2026-05-08,1.0,10921.222,0.594,11.399,38.236
Alpha Ahorro - Clase C,ARS,2026-05-08,1.0,10444.574,0.594,11.399,38.236
Alpha Ahorro - Clase J,ARS,2026-05-08,1.0,1447.548,0.0,0.0,0.0
Alpha Ahorro - Clase K,ARS,2026-05-08,1.0,8263.422,0.594,11.399,38.229
Alpha Ahorro - Clase Q Ley N° 27.743,ARS,2026-05-08,1.0,1732.925,0.594,11.399,38.235
Argenfunds Ahorro Pesos - Clase A,ARS,2026-05-08,1.0,99504.455,0.451,11.547,35.689
Argenfunds Ahorro Pesos - Clase B,ARS,2026-05-08,1.0,153434.333,0.473,11.979,37.194
Argenfunds Renta Capital - Clase E,USD,2026-05-08,3.0,1560148.183,-0.985,-2.514,27.19
Argenfunds Renta Capital - Clase F,USD,2026-05-08,3.0,1562451.952,-0.937,-2.133,30.175
Argenfunds Renta Flexible - Clase A,ARS,2026-05-08,1.0,6004.706,0.0,0.0,0.0
Argenfunds Renta Flexible - Clase B,ARS,2026-05-08,1.0,37161.394,0.5,11.57,26.511
Arpenta Ahorro Pesos,ARS,2026-05-08,1.0,70244.849,0.653,15.122,46.562
Balanz Capital Ahorro - Clase A,ARS,2026-05-08,1.0,229018.066,0.787,14.084,45.792
Balanz Capital Ahorro - Clase B,ARS,2026-05-08,1.0,233539.443,0.795,14.243,46.378
Balanz Capital Ahorro - Clase C,ARS,2026-05-08,1.0,82857.467,0.804,14.422,47.039
Balanz Capital Ahorro - Clase D,ARS,2026-05-08,1.0,17691.416,0.805,14.442,21.903
Balanz Capital Ahorro - Clase E,ARS,2026-05-08,1.0,1791.981,0.0,0.0,0.0
Balanz Capital Ahorro - Clase F,ARS,2026-05-08,1.0,1000,0.0,0.0,0.0
Balanz Capital Ahorro - Clase G,ARS,2026-05-08,1.0,1000,0.0,0.0,0.0
Balanz Capital Ahorro - Clase L Ley Nº 27.743,ARS,2026-05-08,1.0,1894.781,0.788,14.075,45.781
Balanz Opportunity - Clase A,ARS,2026-05-08,1.0,39030.82,1.003,11.048,46.128
Balanz Opportunity - Clase B,ARS,2026-05-08,1.0,39611.502,1.003,11.048,46.128
Balanz Opportunity - Clase C,ARS,2026-05-08,1.0,41207.907,1.013,11.241,46.862
Balanz Opportunity - Clase D,ARS,2026-05-08,1.0,2271.466,0.0,0.0,0.0
Balanz Opportunity - Clase E,ARS,2026-05-08,1.0,1000,0.0,0.0,0.0
Balanz Opportunity - Clase F,ARS,2026-05-08,1.0,1000,0.0,0.0,0.0
Balanz Opportunity - Clase G,ARS,2026-05-08,1.0,1000,0.0,0.0,0.0
BAVSA Ahorro Plus - Clase A,ARS,2026-05-08,1.0,1762.737,0.781,11.65,38.728
BAVSA Ahorro Plus - Clase B,ARS,2026-05-08,1.0,1845.177,0.79,11.847,39.425
BAVSA Ahorro Plus - Clase C,ARS,2026-05-08,1.0,1502.473,0.794,7.311,33.946
BAVSA Ahorro Plus - Clase D,ARS,2026-05-08,1.0,1179.91,,,
BAVSA Ahorro Plus - Clase E,ARS,2026-05-08,1.0,1181.55,,,
BAVSA Ahorro Plus - Clase F,ARS,2026-05-08,1.0,1000,,,
BAVSA Ahorro Plus - Clase G,ARS,2026-05-08,1.0,1000,,,
BAVSA Ahorro Plus - Clase H,ARS,2026-05-08,1.0,1000,,,
BAVSA Ahorro Plus - Clase I,ARS,2026-05-08,1.0,1000,,,
BAVSA Ahorro Plus - Clase J,ARS,2026-05-08,1.0,1000,,,
BAVSA Ahorro Plus - Clase K Ley Nº 27.743,ARS,2026-05-08,1.0,1056.519,,,
BAVSA Ahorro Plus - Clase L Ley Nº 27.743,ARS,2026-05-08,1.0,1000,,,
BAVSA Pesos Plus - Clase A,ARS,2026-05-08,1.0,1000,0.0,0.0,
BAVSA Pesos Plus - Clase B,ARS,2026-05-08,1.0,3672.484,0.797,16.043,44.57
BAVSA Pesos Plus - Clase C,ARS,2026-05-08,1.0,1986.693,0.807,14.229,42.752
BAVSA Pesos Plus - Clase E Ley Nº 27.743,ARS,2026-05-08,1.0,1000,,,
BAVSA Pesos Plus - Clase F Ley Nº 27.743,ARS,2026-05-08,1.0,1519.723,,,
BM Smart Corto Plazo - Clase A,ARS,2026-05-08,1.0,1913.42,0.418,11.875,39.077
BM Smart Corto Plazo - Clase B,ARS,2026-05-08,1.0,1938.804,0.431,12.15,40.053
BM Smart Corto Plazo - Clase C Ley N° 27.743,ARS,2026-05-08,1.0,1461.974,0.0,0.198,24.559
Chaco Abierto Ahorro - Clase A,ARS,2026-05-08,1.0,77295.21,0.74,12.664,40.823
Chaco Abierto Ahorro - Clase B,ARS,2026-05-08,1.0,78774.666,0.74,12.664,40.823
Champaquí Ahorro Mixto - Clase A,ARS,2026-05-08,1.0,1579.329,0.977,16.697,43.561
Champaquí Ahorro Pesos - Clase A,ARS,2026-05-08,1.0,15812.559,0.369,10.813,41.685
Champaquí Ahorro Pesos - Clase B,ARS,2026-05-08,1.0,16153.623,0.38,11.043,42.525
Champaquí Ahorro Pesos - Clase C,ARS,2026-05-08,1.0,16248.581,0.383,11.086,42.682
Champaquí Ahorro Pesos - Clase D Ley N° 27.743,ARS,2026-05-08,1.0,1117.383,0.0,0.0,0.0
Champaquí Renta Pesos - Clase A,ARS,2026-05-08,1.0,1897.484,0.61,15.21,45.385
Champaquí Renta Pesos - Clase B,ARS,2026-05-08,1.0,1913.911,0.62,15.413,46.115
Champaquí Renta Pesos - Clase D,ARS,2026-05-08,1.0,1137.806,0.0,0.0,0.0
Chimpay Pesos Conservador - Clase A,ARS,2026-05-08,1.0,1071.984,0.516,,
Chimpay Pesos Conservador - Clase B,ARS,2026-05-08,1.0,1073.441,0.531,,
Chimpay Pesos Conservador - Clase C,ARS,2026-05-08,1.0,1000,0.0,,
Cima Renta Dolares Corto Plazo - Clase D,USD,2026-05-08,3.0,55754.505,,,
CMA Proteccion - Clase A,ARS,2026-05-08,1.0,427367.598,0.468,11.71,42.13
CMA Proteccion - Clase B,ARS,2026-05-08,1.0,489220.215,0.475,11.902,43.139
CMA Proteccion - Clase Ley N° 27.743,ARS,2026-05-08,1.0,1781.755,0.468,11.71,42.128
Compass Ahorro - Clase A,ARS,2026-05-08,1.0,91577.453,0.615,12.884,36.124
Compass Ahorro - Clase B,ARS,2026-05-08,1.0,104215.235,0.629,13.214,37.28
Compass Ahorro - Clase C,ARS,2026-05-08,1.0,127702.737,0.667,14.112,39.949
Compass Ahorro - Clase H Ley 27.743,ARS,2026-05-08,1.0,1681.564,0.667,14.112,39.425
Compass Ahorro - Clase I Ley 27.743,ARS,2026-05-08,1.0,1692.594,0.667,14.112,39.695
ConoSur Ahorro - Clase A,ARS,2026-05-08,1.0,1346.456,0.746,13.923,
ConoSur Ahorro - Clase B,ARS,2026-05-08,1.0,1321.643,0.748,13.963,
ConoSur Ahorro - Clase C,ARS,2026-05-08,1.0,2139.456,0.762,14.244,
ConoSur Ahorro - Clase D Ley N° 27.723,ARS,2026-05-08,1.0,1341.733,0.748,13.963,
ConoSur Financiamiento - Clase A,ARS,2026-05-08,1.0,1172.642,0.634,12.934,
ConoSur Financiamiento - Clase B,ARS,2026-05-08,1.0,1265.625,0.638,13.013,
ConoSur Financiamiento - Clase C,ARS,2026-05-08,1.0,1252.12,0.653,13.332,
ConoSur Financiamiento - Clase D Ley N° 27.743,ARS,2026-05-08,1.0,1038.621,0.0,0.0,
Consultatio Ahorro Plus Argentina F.C.I. - Clase A,ARS,2026-05-08,1.0,193882,0.625,12.256,40.501
Consultatio Ahorro Plus Argentina F.C.I. - Clase B,ARS,2026-05-08,1.0,227830.54,0.64,12.552,41.559
Consultatio Ahorro Plus Argentina F.C.I. - Clase C,ARS,2026-05-08,1.0,276016.244,0.68,13.39,44.585
Consultatio Diamante Plus - Clase A,ARS,2026-05-08,1.0,36412.761,0.404,11.603,40.752
Consultatio Diamante Plus - Clase B,ARS,2026-05-08,1.0,163225.236,0.408,11.681,41.034
Consultatio Diamante Plus - Clase C,ARS,2026-05-08,1.0,32112.693,0.44,12.348,43.449
Consultatio Diamante Plus - Clase D,ARS,2026-05-08,1.0,161823.621,0.428,12.094,42.524
Consultatio Multimercado VI - Clase A,ARS,2026-05-08,1.0,1049.462,-0.224,,
Consultatio Multimercado VI - Clase B,ARS,2026-05-08,1.0,1049.462,-0.224,,
Consultatio Multimercado VI - Clase C,ARS,2026-05-08,1.0,1049.462,-0.224,,
Consultatio Multimercado VII - Clase A,ARS,2026-05-08,1.0,1049.462,-0.224,,
Consultatio Multimercado VII - Clase B,ARS,2026-05-08,1.0,1049.462,-0.224,,
Consultatio Multimercado VII - Clase C,ARS,2026-05-08,1.0,1049.462,-0.224,,
Consultatio Multimercado VIII - Clase A,ARS,2026-05-08,1.0,1049.462,-0.224,,
Consultatio Multimercado VIII - Clase B,ARS,2026-05-08,1.0,1049.462,-0.224,,
Consultatio Multimercado VIII - Clase C,ARS,2026-05-08,1.0,1049.462,-0.224,,
Consultatio Renta Local - Clase A,ARS,2026-05-08,1.0,316580.724,0.418,10.941,39.054
Consultatio Renta Local - Clase B,ARS,2026-05-08,1.0,116375.346,0.432,11.233,40.197
Consultatio Renta Local - Clase C,ARS,2026-05-08,1.0,119022.687,0.447,11.526,41.146
Consultatio Renta Nacional - Clase A,ARS,2026-05-08,1.0,208307.567,0.822,15.324,45.719
Consultatio Renta Nacional - Clase B,ARS,2026-05-08,1.0,235514.007,0.837,15.628,46.817
Consultatio Renta Nacional - Clase C,ARS,2026-05-08,1.0,295821.974,0.878,16.489,49.955
Consultatio Renta Nacional - Clase Z Ley N° 27.743,ARS,2026-05-08,1.0,1803.101,0.0,13.813,44.512
Consultatio SMSV Renta en Pesos - Clase A,ARS,2026-05-08,1.0,2000.436,0.97,17.802,38.328
Consultatio SMSV Renta en Pesos - Clase B,ARS,2026-05-08,1.0,9571.151,0.97,17.802,38.328
Consultatio SMSV Renta en Pesos - Clase C,ARS,2026-05-08,1.0,78751.462,0.94,17.178,36.247
Crecer Ahorro - Clase A,ARS,2026-05-08,0.0,1383.147,0.485,11.08,37.037
Crecer Ahorro - Clase B,ARS,2026-05-08,0.0,1393.936,0.5,11.374,38.069
Delta Ahorro - Clase A,ARS,2026-05-08,1.0,263649.999,0.4,10.16,39.234
Delta Ahorro - Clase B,ARS,2026-05-08,1.0,326204.975,0.42,10.547,40.634
Delta Ahorro Plus - Clase A,ARS,2026-05-08,1.0,369791.364,0.659,13.614,28.194
Delta Ahorro Plus - Clase B,ARS,2026-05-08,1.0,441234.809,0.678,14.014,29.483
Delta Ahorro Plus - Clase K Ley Nº 27.743,ARS,2026-05-08,1.0,1519.745,0.659,13.614,28.194
Delta Ahorro Plus - Clase L Ley Nº 27.743,ARS,2026-05-08,1.0,1441.265,0.0,0.544,14.186
Delta Gestion IV - Clase A,ARS,2026-05-08,0.0,2809.192,0.0,0.0,0.0
Delta Gestion IV - Clase B,ARS,2026-05-08,0.0,81327.009,-0.169,-4.623,-2.394
Delta Gestion X - Clase B,ARS,2026-05-08,1.0,1654.394,0.618,16.334,34.959
Delta Gestion X - Clase E,ARS,2026-05-08,1.0,1356.025,0.597,15.886,33.482
Delta Patrimonio I - Clase A,ARS,2026-05-08,1.0,31926.922,0.291,-2.442,16.987
Delta Patrimonio I - Clase B,ARS,2026-05-08,1.0,33004.246,0.301,-2.254,17.632
FBA Ahorro Pesos - Clase A,ARS,2026-05-08,1.0,13092.67,0.606,13.46,35.048
FBA Ahorro Pesos - Clase B,ARS,2026-05-08,1.0,234776.538,0.606,13.46,35.52
FBA Ahorro Pesos - Clase B1,ARS,2026-05-08,1.0,218738.306,,,
FBA Ahorro Pesos - Clase B2,ARS,2026-05-08,1.0,235675.987,0.617,13.802,
FBA Ahorro Pesos - Clase B3,ARS,2026-05-08,1.0,235981.224,0.629,,
FBA Ahorro Pesos - Clase J Ley Nº 27.743,ARS,2026-05-08,1.0,13093.709,0.606,13.46,35.048
FBA Ahorro Pesos - Clase K Ley Nº 27.743,ARS,2026-05-08,1.0,159441.202,,,
FBA Bonos Argentina - Clase A,ARS,2026-05-08,1.0,13436.987,0.398,11.208,38.295
FBA Bonos Argentina - Clase B,ARS,2026-05-08,1.0,154888.73,0.41,11.442,39.128
FBA Gestion I - Clase B,ARS,2026-05-08,1.0,8508.415,0.308,0.093,5.764
Fima Ahorro Pesos - Clase A,ARS,2026-05-08,1.0,613057.241,0.369,10.852,39.213
Fima Ahorro Pesos - Clase B,ARS,2026-05-08,1.0,686064.36,0.38,11.069,39.993
Fima Ahorro Pesos - Clase C,ARS,2026-05-08,1.0,727898.876,0.388,11.227,40.562
Fima Ahorro Plus - Clase A,ARS,2026-05-08,1.0,151647.32,0.542,12.76,39.84
Fima Ahorro Plus - Clase B,ARS,2026-05-08,1.0,158967.467,0.553,12.981,40.623
Fima Ahorro Plus - Clase C,ARS,2026-05-08,1.0,167413.921,0.56,13.142,41.195
Fima Ahorro Plus - Clase E,ARS,2026-05-08,1.0,167972.928,0.56,13.142,
Fima Capital Plus - Clase A,ARS,2026-05-08,1.0,88168.465,0.637,-0.64,21.223
Fima Capital Plus - Clase B,ARS,2026-05-08,1.0,91943.113,0.646,-0.48,21.778
Fima Capital Plus - Clase C,ARS,2026-05-08,1.0,95523.423,0.652,-0.374,22.149
Fima Capital Plus - Clase E,ARS,2026-05-08,1.0,94755.489,0.656,-0.303,
Fima Renta Pesos - Clase A,ARS,2026-05-08,1.0,181003.282,1.156,19.289,48.176
Fima Renta Pesos - Clase B,ARS,2026-05-08,1.0,187460.777,1.165,19.481,48.854
Fima Renta Pesos - Clase C,ARS,2026-05-08,1.0,193169.746,1.171,19.608,49.308
Fima Renta Pesos - Clase L Ley N° 27.743,ARS,2026-05-08,1.0,1595.375,,,
First Renta Pesos - Clase A,ARS,2026-05-08,1.0,64143.522,0.476,12.251,44.69
First Renta Pesos - Clase B,ARS,2026-05-08,1.0,54439.407,0.485,12.447,45.417
First Renta Pesos - Clase C,ARS,2026-05-08,1.0,2098.966,0.0,0.0,0.0
First Renta Pesos - Clase D,ARS,2026-05-08,1.0,3068.028,0.0,0.0,0.0
Fundcorp Performance - Clase A,ARS,2026-05-08,1.0,35532.076,0.489,12.395,42.268
Fundcorp Performance - Clase B,ARS,2026-05-08,1.0,36344.199,0.494,12.493,42.625
Fundcorp Performance - Clase C,ARS,2026-05-08,1.0,40181.985,0.518,12.984,44.421
Gainvest Ahorro - Clase A,ARS,2026-05-08,1.0,15725.491,0.125,-1.617,-82.537
Gainvest Ahorro - Clase B,ARS,2026-05-08,1.0,1879.498,0.125,-1.617,-82.48
Gainvest Ahorro - Clase C,ARS,2026-05-08,1.0,2404.719,0.0,0.0,0.0
Gainvest FF - Clase A,ARS,2026-05-08,1.0,275812.829,0.487,11.775,43.962
Gainvest FF - Clase B,ARS,2026-05-08,1.0,277907.195,0.487,11.775,43.962
Gainvest FF - Clase C,ARS,2026-05-08,1.0,11015.841,0.516,12.366,46.142
Galileo Ahorro - Clase A,ARS,2026-05-08,1.0,231909.855,0.476,15.473,46.87
Galileo Ahorro - Clase B,ARS,2026-05-08,1.0,162883.371,0.486,15.674,47.607
Galileo Multimercado II - Clase A,ARS,2026-05-08,1.0,23096.957,1.416,19.525,57.065
Galileo Multimercado II - Clase B,ARS,2026-05-08,1.0,23566.519,1.426,19.736,57.853
HF Retorno Total - Clase I,ARS,2026-05-08,1.0,38726.191,0.926,16.586,46.915
IAM Renta Capital - Clase A,ARS,2026-05-08,1.0,84291.461,0.658,14.416,46.684
IAM Renta Capital - Clase B,ARS,2026-05-08,1.0,86320.781,0.659,14.444,46.787
IAM Renta Capital - Clase C,ARS,2026-05-08,1.0,82944.009,0.675,14.778,48.013
IAM Renta Capital - Clase D,ARS,2026-05-08,1.0,1000,0.0,0.0,0.0
IAM Renta Capital - Clase Ley N° 27.743,ARS,2026-05-08,1.0,1097.713,0.0,0.0,0.25
IAM Renta Plus - Clase A,ARS,2026-05-08,1.0,234543.44,0.778,17.062,41.42
IAM Renta Plus - Clase B,ARS,2026-05-08,1.0,243316.25,0.785,17.214,41.945
IAM Renta Plus - Clase C,ARS,2026-05-08,1.0,214969.581,0.793,17.391,42.558
IAM Renta Plus - Clase D,ARS,2026-05-08,1.0,1000,0.0,0.0,0.0
IAM Renta Plus - Clase E,ARS,2026-05-08,1.0,1000,0.0,0.0,0.0
IAM Renta Plus - Clase F,ARS,2026-05-08,1.0,1000,0.0,0.0,0.0
IAM Renta Plus - Clase Ley N° 27.743,ARS,2026-05-08,1.0,1276.056,0.0,0.0,0.0
IEB Ahorro Plus - Clase A,ARS,2026-05-08,1.0,34521.984,0.528,10.782,26.556
IEB Ahorro Plus - Clase B,ARS,2026-05-08,1.0,37121.201,0.544,11.093,27.575
IEB Ahorro Plus - Clase C,ARS,2026-05-08,1.0,1022.907,0.0,0.0,0.0
IEB Ahorro Plus - Clase Ley N° 27.743,ARS,2026-05-08,1.0,1320.512,0.0,1.077,15.47
Julio A. Roca Ahorro Pesos,ARS,2026-05-08,1.0,55964.025,-0.387,10.166,49.17
Lombard Ahorro Plus II - Clase A,ARS,2026-05-08,1.0,1299.924,0.472,13.18,
Lombard Capital,ARS,2026-05-08,1.0,251992.766,0.332,10.827,39.877
Lombard Capital Fisicos,ARS,2026-05-08,1.0,182112.642,0.35,8.428,31.221
Lombard Capital JYF,ARS,2026-05-08,1.0,170287.604,0.342,8.154,29.35
MAF Ahorro Pesos - Clase A,ARS,2026-05-08,2.0,136771.223,1.037,19.211,51.816
MAF Ahorro Pesos - Clase B,ARS,2026-05-08,2.0,158553,1.041,19.295,52.12
MAF Ahorro Pesos - Clase RAP Ley N° 27.743,ARS,2026-05-08,2.0,1000,0.0,0.0,0.0
MAF Ahorro Plus - Clase A,ARS,2026-05-08,1.0,2165.088,,,
MAF Ahorro Plus - Clase B,ARS,2026-05-08,1.0,1678.028,,,
MAF Ahorro Plus - Clase C,ARS,2026-05-08,1.0,44903.23,,,
MAF Ahorro Plus - Clase D,ARS,2026-05-08,1.0,1399.422,,,
MAF Estrategia - Clase A,ARS,2026-05-08,0.0,1329.058,-0.582,13.053,
MAF Gestión Activa III - Clase A,ARS,2026-05-08,1.0,1000,0.0,0.0,0.0
MAF Gestión Activa III - Clase B,ARS,2026-05-08,1.0,1979.86,0.378,7.939,43.193
MAF Pesos Plus - Clase A,ARS,2026-05-08,1.0,143365.18,0.427,11.465,41.688
MAF Pesos Plus - Clase B,ARS,2026-05-08,1.0,160076.637,0.437,11.68,42.47
MAF Pesos Plus - Clase C,ARS,2026-05-08,1.0,165398.473,0.437,11.68,42.47
MAF Pesos Plus - Clase RAP Ley N° 27.743,ARS,2026-05-08,1.0,1025.273,0.0,0.0,2.527
Max Ahorro Pesos - Clase A,ARS,2026-05-08,1.0,8111.42,0.427,16.648,47.57
Max Ahorro Pesos - Clase B,ARS,2026-05-08,1.0,10584.398,0.436,16.853,48.311
Max Ahorro Pesos - Clase C,ARS,2026-05-08,1.0,1000,0.0,0.0,0.0
Max Ahorro Pesos - Clase D,ARS,2026-05-08,1.0,1000,0.0,0.0,0.0
Max Ahorro Pesos - Clase E Ley N° 27.743,ARS,2026-05-08,1.0,1884.11,0.425,16.061,46.827
Max Dinamico I - Clase A,ARS,2026-05-08,0.0,1029.964,0.0,0.0,0.0
Max Dinamico I - Clase B,ARS,2026-05-08,0.0,1000,0.0,0.0,0.0
Max Dinamico I - Clase C,ARS,2026-05-08,0.0,1000,0.0,0.0,0.0
Max Dinamico I - Clase D,ARS,2026-05-08,0.0,1986.918,0.959,11.872,44.172
Max Dinamico II - Clase A,ARS,2026-05-08,0.0,1902.242,0.706,12.682,35.17
Max Dinamico II - Clase B,ARS,2026-05-08,0.0,1940.38,0.713,12.841,35.713
Max Dinamico II - Clase C,ARS,2026-05-08,0.0,1000,0.0,0.0,0.0
Max Dinamico II - Clase D,ARS,2026-05-08,0.0,2012.22,0.749,13.574,38.247
Max Dinamico II - Clase E Ley N° 27.743,ARS,2026-05-08,0.0,1629.244,0.706,12.678,35.164
Max Dinamico III - Clase A,ARS,2026-05-08,1.0,1003.691,0.0,0.607,0.369
Max Dinamico III - Clase B,ARS,2026-05-08,1.0,1173.614,0.25,6.261,17.361
Max Dinamico III - Clase C,ARS,2026-05-08,1.0,1000,0.0,0.0,0.0
Max Dinamico III - Clase D,ARS,2026-05-08,1.0,1263.19,0.264,6.531,10.671
Max Dinamico IV - Clase A,ARS,2026-05-08,1.0,1000,0.0,0.0,0.0
Max Dinamico IV - Clase B,ARS,2026-05-08,1.0,1000,0.0,0.0,0.0
Max Dinamico IV - Clase C,ARS,2026-05-08,1.0,1000,0.0,0.0,0.0
Max Dinamico IV - Clase D,ARS,2026-05-08,1.0,1614.292,0.612,-3.195,33.926
Max Dinamico V - Clase A,ARS,2026-05-08,1.0,1000,0.0,0.0,0.0
Max Dinamico V - Clase B,ARS,2026-05-08,1.0,1000,0.0,0.0,0.0
Max Dinamico V - Clase C,ARS,2026-05-08,1.0,1000,0.0,0.0,0.0
Max Dinamico V - Clase D,ARS,2026-05-08,1.0,2198.445,0.692,14.719,43.218
Max Estrategico V - Clase A,ARS,2026-05-08,1.0,1000,0.0,0.0,0.0
Max Estrategico V - Clase B,ARS,2026-05-08,1.0,1000,0.0,0.0,0.0
Max Estrategico V - Clase C,ARS,2026-05-08,1.0,1000,0.0,0.0,0.0
Max Estrategico V - Clase D,ARS,2026-05-08,1.0,4203.09,0.344,-2.522,32.926
Max Multigestión I - Clase A,ARS,2026-05-08,1.0,1000,0.0,0.0,0.0
Max Multigestión I - Clase B,ARS,2026-05-08,1.0,1000,0.0,0.0,0.0
Max Multigestión I - Clase C,ARS,2026-05-08,1.0,1000,0.0,0.0,0.0
Max Multigestión I - Clase D,ARS,2026-05-08,1.0,1093.255,0.385,2.009,9.326
Max Multigestión II - Clase A,ARS,2026-05-08,1.0,1000,0.0,0.0,0.0
Max Multigestión II - Clase B,ARS,2026-05-08,1.0,1000,0.0,0.0,0.0
Max Multigestión II - Clase C,ARS,2026-05-08,1.0,1000,0.0,0.0,0.0
Max Multigestión II - Clase D,ARS,2026-05-08,1.0,1000,0.0,0.0,0.0
MEGAQM Ahorro - Clase A,ARS,2026-05-08,1.0,529498.978,0.613,15.749,44.464
MEGAQM Ahorro - Clase B,ARS,2026-05-08,1.0,533018.708,0.623,15.961,45.219
MEGAQM Estrategia 2 - Clase B,ARS,2026-05-08,1.0,27595.672,1.028,14.514,49.328
MEGAQM Estrategia 4 - Clase A,ARS,2026-05-08,1.0,1000,0.0,0.0,0.0
MEGAQM Estrategia 4 - Clase B,ARS,2026-05-08,1.0,14428.274,0.916,19.14,51.684
MEGAQM Estrategia 6 - Clase A,ARS,2026-05-08,1.0,7546.315,0.0,0.0,0.0
MEGAQM Estrategia 6 - Clase B,ARS,2026-05-08,1.0,6734710.776,0.062,-1.864,4746.675
MEGAQM Performance II - Clase A,ARS,2026-05-08,1.0,284144.942,0.869,2.249,34.388
MEGAQM Performance II - Clase B,ARS,2026-05-08,1.0,297217.417,0.874,2.328,34.684
MEGAQM Performance II - Clase C,ARS,2026-05-08,1.0,212793.087,0.0,0.0,0.0
Mercado Fondo Ahorro - Clase A,ARS,2026-05-08,1.0,1100.53,0.069,0.126,6.034
Mercado Fondo Ahorro - Clase B,ARS,2026-05-08,1.0,1165.174,0.0,4.212,
Mercado Fondo Ahorro - Clase C,ARS,2026-05-08,1.0,1020.145,0.089,,
Novus Liquidez Plus - Clase A,ARS,2026-05-08,1.0,15366.856,0.815,14.055,42.818
Novus Liquidez Plus - Clase B,ARS,2026-05-08,1.0,15684.501,0.83,14.376,43.965
Novus Liquidez Plus - Clase C,ARS,2026-05-08,1.0,15370.186,0.83,14.115,42.893
Novus Liquidez Plus - Clase D,ARS,2026-05-08,1.0,15998.86,0.83,14.376,43.965
Novus Liquidez Plus - Clase E,ARS,2026-05-08,1.0,2937.93,0.814,14.055,42.817
Novus Liquidez Plus - Clase F,ARS,2026-05-08,1.0,2558.723,0.83,14.376,43.965
Novus Liquidez Plus - Clase G,ARS,2026-05-08,1.0,2322.924,0.0,0.0,21.421
Novus Liquidez Plus - Clase H,ARS,2026-05-08,1.0,1714.329,0.0,0.0,0.0
Novus Liquidez Plus - Clase I Ley N° 27.743,ARS,2026-05-08,1.0,1655.745,0.814,14.055,42.818
Optimum Global Opportunity - Clase A,ARS,2026-05-08,1.0,1000,,,
Optimum Global Opportunity - Clase B,ARS,2026-05-08,1.0,26888.069,,,
Optimum Multi Asset Fund - Clase A,ARS,2026-05-08,1.0,12670.417,1.407,18.994,56.097
Optimum Multi Asset Fund - Clase B,ARS,2026-05-08,1.0,105238.074,1.417,19.199,56.865
Optimum Multi Asset Fund - Clase C,ARS,2026-05-08,1.0,2219.672,0.0,0.0,3.397
Optimum Total Return - Clase A,ARS,2026-05-08,1.0,1000,,,
Optimum Total Return - Clase B,ARS,2026-05-08,1.0,1480686.239,1.217,1.073,39.113
Parakeet Dinámico - Clase A,ARS,2026-05-08,1.0,1416.03,0.546,8.713,38.436
Parakeet Dinámico - Clase B,ARS,2026-05-08,1.0,1414.789,0.546,8.694,38.328
Parakeet Dinámico - Clase X Ley N° 27.743,ARS,2026-05-08,1.0,1000,0.0,0.0,0.0
Parakeet Multimercado - Clase A,ARS,2026-05-08,1.0,1497.792,0.473,13.535,44.746
Parakeet Multimercado - Clase B,ARS,2026-05-08,1.0,1506.277,0.482,13.736,45.474
Parakeet Multimercado - Clase X Ley N° 27.743,ARS,2026-05-08,1.0,1000,0.0,0.0,0.0
Parakeet Premium - Clase A,ARS,2026-05-08,1.0,1162.89,0.352,1.083,16.289
Parakeet Premium - Clase B,ARS,2026-05-08,1.0,1279.635,0.352,11.24,27.964
Parakeet Premium - Clase X Ley N° 27.743,ARS,2026-05-08,1.0,1000,0.0,0.0,0.0
Parakeet Renta Pesos - Clase A,ARS,2026-05-08,1.0,1809.844,0.425,11.839,41.756
Parakeet Renta Pesos - Clase B,ARS,2026-05-08,1.0,1824.62,0.434,12.036,42.468
Parakeet Renta Pesos - Clase X Ley N° 27.743,ARS,2026-05-08,1.0,1466.019,0.425,11.839,35.845
Pionero FF - Clase A,ARS,2026-05-08,1.0,247192.472,0.333,10.965,45.656
Pionero FF - Clase B,ARS,2026-05-08,1.0,247429.604,0.343,,
Pionero Renta Ahorro - Clase A,ARS,2026-05-08,1.0,287382.994,0.345,11.141,42.236
Pionero Renta Ahorro - Clase B,ARS,2026-05-08,1.0,297629.249,0.358,11.418,43.238
Pionero Renta Ahorro - Clase C,ARS,2026-05-08,1.0,18713.325,0.0,0.0,5.089
Pionero Renta Ahorro Plus - Clase A,ARS,2026-05-08,2.0,19391.099,0.226,-0.2,35.429
Pionero Renta Ahorro Plus - Clase B,ARS,2026-05-08,2.0,83800.575,0.23,-0.111,35.769
Pionero Renta Ahorro Plus - Clase C,ARS,2026-05-08,2.0,1010.597,0.245,1.06,1.06
Pionero Renta Balanceado - Clase A,ARS,2026-05-08,1.0,13544.203,0.909,16.117,45.704
Pionero Renta Balanceado - Clase B,ARS,2026-05-08,1.0,13885.252,0.92,16.344,46.509
Pionero Renta Balanceado - Clase C,ARS,2026-05-08,1.0,1000,0.0,0.0,0.0
Premier Renta Plus en Pesos - Clase A,ARS,2026-05-08,1.0,179524.653,0.313,9.352,36.278
Premier Renta Plus en Pesos - Clase B,ARS,2026-05-08,1.0,167935.305,0.305,9.199,35.733
Premier Renta Plus en Pesos - Clase C,ARS,2026-05-08,1.0,1436.089,0.0,0.0,0.0
Quiron Savings - Clase A,ARS,2026-05-08,1.0,394218.11,0.694,13.455,35.7
Quiron Savings - Clase B,ARS,2026-05-08,1.0,371197.298,0.694,13.455,35.7
SBS Pesos Plus - Clase A,ARS,2026-05-08,0.0,52320.594,0.61,10.852,36.528
SBS Pesos Plus - Clase B,ARS,2026-05-08,0.0,57459.131,0.629,11.242,37.903
SBS Pesos Plus - Clase Ley N° 27.743,ARS,2026-05-08,0.0,1669.07,0.61,10.851,36.528
SBS Tavelli Mix - Clase P,ARS,2026-05-08,1.0,1039927.503,0.473,11.172,36.916
Schroder Argentina - Clase A,ARS,2026-05-08,1.0,875881.341,0.703,9.663,47.834
Schroder Argentina - Clase B,ARS,2026-05-08,1.0,941512.844,0.713,9.856,48.576
Schroder Argentina - Clase C,ARS,2026-05-08,1.0,928958.252,0.708,9.76,48.205
Schroder Argentina - Clase D,ARS,2026-05-08,1.0,582562.762,0.0,0.0,0.0
Schroder Argentina - Clase F Ley N° 27.743,ARS,2026-05-08,1.0,1000,0.0,0.0,0.0
Schroder Corto Plazo - Clase A,ARS,2026-05-08,1.0,24139.747,0.0,0.0,-0.308
Schroder Corto Plazo - Clase B,ARS,2026-05-08,1.0,479963.659,0.867,9.889,26.291
Schroder Corto Plazo - Clase C,ARS,2026-05-08,1.0,8874.955,0.0,0.0,0.0
Schroder Renta Plus - Clase A,ARS,2026-05-08,1.0,121133.411,0.944,16.804,45.076
Schroder Renta Plus - Clase B,ARS,2026-05-08,1.0,131485.377,0.958,17.112,46.171
Schroder Renta Plus - Clase C,ARS,2026-05-08,1.0,1692.373,0.0,0.0,0.0
Schroder Renta Plus - Clase D,ARS,2026-05-08,1.0,1773.113,0.0,0.0,0.0
Schroder Renta Plus - Clase E Ley N° 27.743,ARS,2026-05-08,1.0,1937.135,0.944,16.804,45.076
Supergestion Mix VI - Clase A,ARS,2026-05-08,1.0,153316.379,0.611,13.212,41.561
Supergestion Mix VI - Clase B,ARS,2026-05-08,1.0,174279.303,0.625,13.511,42.63
Supergestion Mix VI - Clase H,ARS,2026-05-08,1.0,15587.369,0.611,13.212,41.561
Supergestion Mix VI - Clase I,ARS,2026-05-08,1.0,16395.458,0.625,13.511,42.63
Supergestion Mix VI - Clase J Ley N° 27.743,ARS,2026-05-08,1.0,16863.593,0.611,13.211,41.561
Tandem Pesos Ahorro Plus - Clase A,ARS,2026-05-08,1.0,1678.989,0.0,2.867,29.338
Tandem Pesos Ahorro Plus - Clase B,ARS,2026-05-08,1.0,1504.391,0.0,2.866,28.29
Tandem Pesos Ahorro Plus - Clase C,ARS,2026-05-08,1.0,1259.742,0.0,2.866,25.974
Tandem Pesos Ahorro Plus - Clase D,ARS,2026-05-08,1.0,1397.414,0.457,10.476,38.906
Toronto Trust Global Capital - Clase A,ARS,2026-05-08,1.0,25503.347,0.773,1.564,28.038
Toronto Trust Global Capital - Clase B,ARS,2026-05-08,1.0,139926.524,0.785,1.778,28.81
Toronto Trust Global Capital - Clase C,ARS,2026-05-08,1.0,26646.382,0.779,1.671,28.423
Toronto Trust Global Capital - Clase Ley N° 27.743,ARS,2026-05-08,1.0,1511.188,0.773,1.564,28.038
Ualintec Pesos Plus - Clase A,ARS,2026-05-08,1.0,1846.908,0.56,12.657,43.82
Ualintec Pesos Plus - Clase B,ARS,2026-05-08,1.0,1391.926,0.577,13.047,18.781
Ualintec Pesos Plus - Clase C,ARS,2026-05-08,1.0,1874.632,0.587,13.212,45.311
Wise Capital Hedge - Clase A,ARS,2026-05-08,1.0,939.936,0.547,-1.679,-6.957
Wise Capital Hedge - Clase B,ARS,2026-05-08,1.0,950.669,0.547,-1.679,-6.565
Wise Capital Hedge - Clase C,ARS,2026-05-08,1.0,893.75,0.547,-1.679,-6.958
Wise Capital Hedge - Clase D,ARS,2026-05-08,1.0,1000,0.0,0.0,0.0
Wise Capital Hedge - Clase J Ley N° 27.743,ARS,2026-05-08,1.0,910.596,0.0,-0.037,-5.404
Zofingen Pesos 24 - Clase A,ARS,2026-05-08,1.0,1037.077,0.0,0.0,0.0
Zofingen Pesos 24 - Clase B,ARS,2026-05-08,1.0,87132.181,0.46,11.126,41.298
Zofingen Pesos 24 - Clase C,ARS,2026-05-08,1.0,1837.234,0.0,0.0,0.0
Argenfunds Financiamiento Pesos - Clase B,ARS,2026-05-08,1.0,1176.131,-0.486,10.704,19.195
Argenfunds Gestión Pesos - Clase A,ARS,2026-05-08,1.0,1000,0.0,0.0,0.0
Argenfunds Gestión Pesos - Clase B,ARS,2026-05-08,1.0,2211.852,0.55,11.722,26.112
Argenfunds Inversión Pesos - Clase A,ARS,2026-05-08,1.0,1000,0.0,0.0,0.0
Argenfunds Inversión Pesos - Clase B,ARS,2026-05-08,1.0,1224.577,0.603,13.135,25.416
BAVSA Global III - Clase A,ARS,2026-05-08,1.0,1000,0.0,,
BAVSA Global III - Clase B,ARS,2026-05-08,1.0,1153.353,0.461,,
BAVSA Global III - Clase C,ARS,2026-05-08,1.0,1088.457,0.441,,
BAVSA Renta Balanceado V - Clase A,ARS,2026-05-08,1.0,1064.973,0.701,6.497,
BAVSA Renta Balanceado V - Clase B,ARS,2026-05-08,1.0,1000,0.0,0.0,
BAVSA Renta Balanceado V - Clase C,ARS,2026-05-08,1.0,1087.342,0.73,7.69,
BAVSA Renta Balanceado V - Clase D,ARS,2026-05-08,1.0,1000,0.0,0.0,
BAVSA Renta Balanceado V - Clase E - Ley N° 27.743,ARS,2026-05-08,1.0,1000,,,
BAVSA Renta Balanceado VI - Clase A,ARS,2026-05-08,1.0,1000,0.0,,
BAVSA Renta Balanceado VI - Clase B,ARS,2026-05-08,1.0,1077.387,0.325,,
BAVSA Renta Balanceado VI - Clase C,ARS,2026-05-08,1.0,1000,0.0,,
BAVSA Renta Balanceado VI - Clase D,ARS,2026-05-08,1.0,1000,0.0,,
BAVSA Renta Balanceado VII - Clase A,ARS,2026-05-08,1.0,1050.449,0.472,,
BAVSA Renta Balanceado VII - Clase B,ARS,2026-05-08,1.0,1000,0.0,,
BAVSA Renta Balanceado VII - Clase C,ARS,2026-05-08,1.0,1050.697,0.472,,
BAVSA Renta Balanceado VII - Clase D,ARS,2026-05-08,1.0,1000,0.0,,
BAVSA Renta Balanceado VIII - Clase A,ARS,2026-05-08,1.0,1000,0.0,,
BAVSA Renta Balanceado VIII - Clase B,ARS,2026-05-08,1.0,1040.607,2.026,,
BAVSA Renta Balanceado VIII - Clase C,ARS,2026-05-08,1.0,1000,0.0,,
BAVSA Renta Balanceado VIII - Clase D,ARS,2026-05-08,1.0,1000,0.0,,
CMA Estrategia Pesos - Clase A,ARS,2026-05-08,1.0,1428.223,0.689,10.718,38.64
CMA Estrategia Pesos - Clase B,ARS,2026-05-08,1.0,1438.792,0.7,10.933,39.408
Consultatio Renta y Capital - Clase A,ARS,2026-05-08,2.0,106068.605,-0.262,4.78,84.547
Consultatio Renta y Capital - Clase B,ARS,2026-05-08,2.0,96388.921,-0.293,4.188,83.437
Consultatio Renta y Capital - Clase C,ARS,2026-05-08,2.0,127560.603,-0.262,4.78,86.423
Delta Federal I - Clase A,ARS,2026-05-08,1.0,292566.922,0.085,11.923,36.193
Delta Federal I - Clase B,ARS,2026-05-08,1.0,395454.657,0.105,12.316,37.562
Delta Federal I - Clase C,ARS,2026-05-08,1.0,1000,0.0,0.0,0.0
Delta Gestion III - Clase B,ARS,2026-05-08,1.0,286585.077,0.957,10.261,32.274
Delta Gestion IX - Clase A,ARS,2026-05-08,1.0,21302.612,0.172,-3.636,19.593
Delta Gestion IX - Clase B,ARS,2026-05-08,1.0,21694.559,0.173,-3.619,19.653
Delta Gestion IX - Clase E,ARS,2026-05-08,1.0,6413.496,0.0,0.0,0.0
Delta Gestion VI - Clase A,ARS,2026-05-08,1.0,19745.594,0.659,10.602,29.798
Delta Gestion VI - Clase B,ARS,2026-05-08,1.0,59114.12,0.659,10.602,29.798
Delta Gestion VI - Clase E,ARS,2026-05-08,1.0,98153.406,0.659,10.602,29.798
Delta Gestion VI - Clase K Ley Nº 27.743,ARS,2026-05-08,1.0,1000,0.0,0.0,0.0
Delta Gestion VI - Clase L Ley Nº 27.743,ARS,2026-05-08,1.0,1000,0.0,0.0,0.0
Delta Gestion XI - Clase E,ARS,2026-05-08,1.0,11530.993,0.346,-0.8,29.688
Delta Moneda - Clase A,ARS,2026-05-08,1.0,279147.18,0.565,-4.928,3.37
Delta Moneda - Clase B,ARS,2026-05-08,1.0,315533.271,0.58,-4.678,4.149
Delta Moneda - Clase D,ARS,2026-05-08,1.0,5672.642,0.0,0.0,14.229
Delta Renta - Clase A,ARS,2026-05-08,1.0,1583274.792,0.719,14.359,28.012
Delta Renta - Clase B,ARS,2026-05-08,1.0,1793046.468,0.728,14.559,28.653
Delta Renta - Clase E,ARS,2026-05-08,1.0,57228.941,0.0,0.0,0.0
Delta Renta - Clase K Ley Nº 27.743,ARS,2026-05-08,1.0,1219.548,0.0,0.0,0.0
Delta Renta - Clase L Ley Nº 27.743,ARS,2026-05-08,1.0,1000,0.0,0.0,0.0
Delta Retorno Real - Clase A,ARS,2026-05-08,1.0,99536.809,0.977,18.883,36.518
Delta Retorno Real - Clase B,ARS,2026-05-08,1.0,112755.495,0.987,19.091,37.203
Delta Retorno Real - Clase E,ARS,2026-05-08,1.0,16717.391,1.015,19.698,39.207
Fundcorp Performance Balanceado - Clase A,ARS,2026-05-08,1.0,2088.203,0.703,14.333,45.213
Fundcorp Performance Balanceado - Clase B,ARS,2026-05-08,1.0,2098.185,0.708,14.435,45.578
Fundcorp Performance Balanceado - Clase C,ARS,2026-05-08,1.0,2125.761,0.722,14.742,46.625
Fundcorp Performance Multiestrategia - Clase A,ARS,2026-05-08,1.0,1000,0.0,0.0,0.0
Fundcorp Performance Multiestrategia - Clase B,ARS,2026-05-08,1.0,1000,0.0,0.0,0.0
Fundcorp Performance Multiestrategia - Clase C,ARS,2026-05-08,1.0,2414.628,0.748,14.055,47.715
Gainvest Crecimiento II - Clase A,ARS,2026-05-08,2.0,1005.08,0.0,0.0,0.0
Gainvest Crecimiento II - Clase B,ARS,2026-05-08,2.0,143260.399,0.072,11.039,41.272
Gainvest Crecimiento III - Clase A,ARS,2026-05-08,1.0,1858.98,0.0,0.0,0.0
Gainvest Crecimiento III - Clase B,ARS,2026-05-08,1.0,16479.679,0.546,8.621,38.977
Lombard Ahorro Plus - Clase A,ARS,2026-05-08,1.0,100975.817,1.091,16.836,44.369
Lombard Ahorro Plus - Clase B,ARS,2026-05-08,1.0,1000,0.0,0.0,0.0
Novus Income - Clase A,ARS,2026-05-08,1.0,1001.25,0.0,0.0,0.0
Novus Income - Clase B,ARS,2026-05-08,1.0,1040.539,0.0,0.0,3.924
Novus Income - Clase C,ARS,2026-05-08,1.0,1000,0.0,0.0,0.0
Novus Income - Clase D,ARS,2026-05-08,1.0,3828.164,0.0,0.0,2.012
Novus Income - Clase E,ARS,2026-05-08,1.0,1037.12,0.0,0.0,3.712
Novus Income - Clase F,ARS,2026-05-08,1.0,5120.897,0.11,10.748,40.774
Novus Income - Clase G,ARS,2026-05-08,1.0,1000,0.0,0.0,0.0
Novus Income - Clase H,ARS,2026-05-08,1.0,1000,0.0,0.0,0.0
Novus Low Volatility - Clase A,ARS,2026-05-08,1.0,1000,0.0,0.0,
Novus Low Volatility - Clase B,ARS,2026-05-08,1.0,1102.097,0.601,10.21,
Novus Low Volatility - Clase C,ARS,2026-05-08,1.0,1000,0.0,0.0,
Novus Retorno Total - Clase A,ARS,2026-05-08,1.0,1144.938,0.662,7.089,
Novus Retorno Total - Clase B,ARS,2026-05-08,1.0,1145.452,0.665,7.137,
Novus Retorno Total - Clase C,ARS,2026-05-08,1.0,1067.779,0.67,6.778,
Optimum Dynamic Balanced Fund - Clase A,ARS,2026-05-08,1.0,1264802.332,-0.062,-1.126,-9.077
Optimum Dynamic Balanced Fund - Clase B,ARS,2026-05-08,1.0,1264802.332,-0.062,-1.126,-9.077
Optimum FAE (Fondo de Aplicaciones Especiales),ARS,2026-05-08,1.0,678985.659,0.871,10.081,56.382
Pellegrini Crecimiento - Clase A,ARS,2026-05-08,1.0,168274.415,1.244,18.502,50.022
Pellegrini Crecimiento - Clase B,ARS,2026-05-08,1.0,213011.464,1.254,18.713,50.775
Pellegrini Crecimiento - Clase R Ley N° 27.743,ARS,2026-05-08,1.0,1000,0.0,0.0,0.0
Quiron Fixed Income - Clase A,ARS,2026-05-08,1.0,198915.008,0.697,-2.775,22.262
Quiron Fixed Income - Clase B,ARS,2026-05-08,1.0,192812.071,0.697,-2.775,22.288
Quiron Fixed Income - Clase Ley Nº 27.743,ARS,2026-05-08,1.0,199291.133,0.697,-2.775,22.287
Schroder Patrimonio - Clase A,ARS,2026-05-08,1.0,1000,0.0,,
Schroder Patrimonio - Clase B,ARS,2026-05-08,1.0,20113.752,0.857,-0.225,-59.436
Schroder Patrimonio - Clase C,ARS,2026-05-08,1.0,1051.131,0.883,,
Schroder Renta Performance - Clase A,ARS,2026-05-08,1.0,3265293.193,0.882,17.086,54.783
Schroder Renta Performance - Clase B,ARS,2026-05-08,1.0,3352947.506,0.894,17.353,55.795
Schroder Renta Performance - Clase C,ARS,2026-05-08,1.0,1000,,,
Schroder Renta Performance - Clase D,ARS,2026-05-08,1.0,1000,,,
Schroder Renta Performance - Clase E,ARS,2026-05-08,1.0,1000,,,
Schroder Renta Performance - Clase F Ley N° 27.743,ARS,2026-05-08,1.0,1763.654,0.0,1.813,34.593
Toronto Trust - Clase A,ARS,2026-05-08,1.0,1006316.781,0.756,7.478,42.223
Toronto Trust - Clase B,ARS,2026-05-08,1.0,230015.547,0.768,7.705,43.081
Toronto Trust - Clase C,ARS,2026-05-08,1.0,226541.989,0.762,7.591,42.651
Toronto Trust - Clase Ley N° 27.743,ARS,2026-05-08,1.0,1658.892,0.756,7.478,42.224
Toronto Trust Special Opportunities,ARS,2026-05-08,0.0,2528435.468,,,
Toronto Trust Special Opportunities - Clase A,ARS,2026-05-08,0.0,1644211.013,-48.377,-35.098,
Toronto Trust Special Opportunities - Clase B,ARS,2026-05-08,0.0,230884.041,0.0,22988.404,
Toronto Trust Special Opportunities - Clase C,ARS,2026-05-08,0.0,1000,0.0,0.0,
Allaria Renta Mixta II - Clase A,ARS,2026-05-08,1.0,33187.496,-0.053,-1.589,43.267
Allaria Renta Mixta II - Clase B,ARS,2026-05-08,1.0,49747.04,-0.048,-1.503,43.626
Allaria Renta Mixta II - Clase C,ARS,2026-05-08,1.0,2099.464,0.0,0.0,0.0
Alpha Planeamiento Conservador - Clase A,ARS,2026-05-08,1.0,12627281.697,0.713,13.161,44.892
Alpha Planeamiento Conservador - Clase B,ARS,2026-05-08,1.0,21988610.79,0.699,12.929,44.596
Alpha Planeamiento Conservador - Clase C,ARS,2026-05-08,1.0,216.118,1.086,3.814,-19.387
Alpha Planeamiento Conservador - Clase D,ARS,2026-05-08,1.0,14981.001,1.804,17.44,16.766
Alpha Planeamiento Conservador - Clase I,ARS,2026-05-08,1.0,215.775,1.086,3.815,-19.386
Alpha Planeamiento Conservador - Clase J,ARS,2026-05-08,1.0,1237.313,0.0,0.0,0.0
Alpha Planeamiento Conservador - Clase K,ARS,2026-05-08,1.0,7936.92,0.699,12.931,44.598
Alpha Renta Cobertura - Clase A,ARS,2026-05-08,1.0,7481040.362,0.222,-6.841,10.638
Alpha Renta Cobertura - Clase B,ARS,2026-05-08,1.0,7011737.741,0.204,-7.12,9.95
Alpha Renta Cobertura - Clase C,ARS,2026-05-08,1.0,78.468,1.086,3.814,-19.386
Alpha Renta Cobertura - Clase D,ARS,2026-05-08,1.0,4506.755,1.301,-3.45,-11.249
Alpha Renta Cobertura - Clase I,ARS,2026-05-08,1.0,78.472,1.086,3.815,-19.386
Alpha Renta Cobertura - Clase J,ARS,2026-05-08,1.0,3236.587,0.0,0.0,4.569
Alpha Renta Cobertura - Clase K,ARS,2026-05-08,1.0,6367.425,0.204,-7.119,9.951
Alpha Renta Crecimiento - Clase A,ARS,2026-05-08,1.0,11294354.24,0.0,0.0,3.658
Alpha Renta Crecimiento - Clase B,ARS,2026-05-08,1.0,11927066.295,0.378,11.845,38.49
Alpha Renta Crecimiento - Clase C,ARS,2026-05-08,1.0,62.818,1.086,3.814,-19.387
Alpha Renta Crecimiento - Clase D,ARS,2026-05-08,1.0,82.693,1.086,3.814,-19.387
Alpha Renta Crecimiento - Clase I,ARS,2026-05-08,1.0,62.708,1.087,3.814,-19.386
Balanz Capital Estrategia I USD - Clase E,USD,2026-05-08,1.0,1000,0.0,0.0,0.0
Balanz Credito Privado - Clase A,ARS,2026-05-08,1.0,1357.101,0.484,11.476,
Balanz Credito Privado - Clase B,ARS,2026-05-08,1.0,1252.667,0.488,11.554,
Balanz Credito Privado - Clase C,ARS,2026-05-08,1.0,1178.796,0.492,11.632,
Balanz Credito Privado - Clase D,ARS,2026-05-08,1.0,1355.447,0.0,10.542,
Balanz Excalibur Regisseur - Clase A,ARS,2026-05-08,1.0,148527.58,1.02,16.084,42.8
Balanz Excalibur Regisseur - Clase B,ARS,2026-05-08,1.0,159421.032,1.03,16.298,43.56
Balanz Excalibur Regisseur - Clase C,ARS,2026-05-08,1.0,1064.327,0.0,0.0,0.0
Balanz Excalibur Regisseur - Clase D,ARS,2026-05-08,1.0,1000,0.0,0.0,0.0
Balanz Excalibur Regisseur - Clase E,ARS,2026-05-08,1.0,1000,0.0,0.0,0.0
Balanz Excalibur Regisseur - Clase F,ARS,2026-05-08,1.0,1000,0.0,0.0,0.0
Balanz Excalibur Regisseur - Clase G,ARS,2026-05-08,1.0,1000,0.0,0.0,0.0
Balanz Performance XIII - Clase A,ARS,2026-05-08,1.0,1000,0.0,0.0,0.0
Balanz Performance XIII - Clase B,ARS,2026-05-08,1.0,1000,0.0,0.0,0.0
Balanz Performance XIII - Clase C,ARS,2026-05-08,1.0,1000,0.0,0.0,0.0
Balanz Performance XIII - Clase D,ARS,2026-05-08,1.0,1490.135,0.51,12.026,28.023
Champaquí Cobertura - Clase A,ARS,2026-05-08,1.0,21809.274,1.229,19.288,45.398
Champaquí Cobertura - Clase B,ARS,2026-05-08,1.0,22395.359,1.243,19.595,46.466
Champaquí Cobertura - Clase C,ARS,2026-05-08,1.0,4571.727,1.229,19.288,45.397
Champaquí Cobertura - Clase D,ARS,2026-05-08,1.0,3113.556,0.0,0.0,3.156
Consultatio Deuda Argentina - Clase A,ARS,2026-05-08,1.0,2271385.962,0.99,19.642,59.114
Consultatio Deuda Argentina - Clase B,ARS,2026-05-08,1.0,2630189.33,1.005,19.957,60.419
Consultatio Deuda Argentina - Clase C,ARS,2026-05-08,1.0,3523993.828,1.05,20.956,64.258
Consultatio Deuda Argentina - Clase Z Ley N° 27.743,ARS,2026-05-08,1.0,2159.626,1.05,20.886,61.66
Delta Gestion XII - Clase B,ARS,2026-05-08,1.0,1000,0.0,0.0,0.0
FBA Horizonte Plus - Clase A,ARS,2026-05-08,1.0,17716.22,0.157,3.132,9.89
FBA Horizonte Plus - Clase B,ARS,2026-05-08,1.0,18064.191,0.163,3.247,10.23
Galileo Ahorro Plus - Clase A,ARS,2026-05-08,1.0,89298.319,0.973,15.654,49.69
Galileo Ahorro Plus - Clase B,ARS,2026-05-08,1.0,92879.833,0.983,15.856,50.441
MAF Renta - Clase A,ARS,2026-05-08,2.0,328614.585,0.667,4.907,45.623
MAF Renta - Clase B,ARS,2026-05-08,2.0,438608.434,0.671,4.98,45.914
MAF Renta - Clase RAP Ley N° 27.743,ARS,2026-05-08,2.0,1000,0.0,0.0,0.0
Megainver Renta Global - Clase A,ARS,2026-05-08,1.0,1920.831,0.0,0.0,0.0
Megainver Renta Global - Clase B,ARS,2026-05-08,1.0,174914.796,0.877,14.805,45.482
Megainver Renta Global - Clase C,ARS,2026-05-08,1.0,1879.275,0.0,0.0,0.0
Megainver Renta Global - Clase D,ARS,2026-05-08,1.0,200331.639,0.909,15.473,47.908
MEGAQM Estrategia 7,ARS,2026-05-08,1.0,614411.881,1.155,15.398,52.662
Numancia Pesos II - Clase A,ARS,2026-05-08,2.0,1000,0.0,0.0,
Numancia Pesos II - Clase B,ARS,2026-05-08,2.0,1103.066,0.615,-1.014,
Numancia Pesos II - Clase C,ARS,2026-05-08,2.0,1000,0.0,0.0,
Numancia Pesos III - Clase A,ARS,2026-05-08,1.0,1000,0.0,0.0,
Numancia Pesos III - Clase B,ARS,2026-05-08,1.0,1083.37,0.887,-1.293,
Numancia Pesos III - Clase C - Ley N° 27.743,ARS,2026-05-08,1.0,1000,0.0,0.0,
Numancia Pesos III - Clase D - Ley N° 27.743,ARS,2026-05-08,1.0,1000,0.0,0.0,
Numancia Pesos IV - Clase A,ARS,2026-05-08,1.0,1000,0.0,0.0,
Numancia Pesos IV - Clase B,ARS,2026-05-08,1.0,955.649,0.71,-4.388,
Numancia Pesos IV - Clase C - Ley N° 27.743,ARS,2026-05-08,1.0,1000,0.0,0.0,
Numancia Pesos IV - Clase D - Ley N° 27.743,ARS,2026-05-08,1.0,1000,0.0,0.0,
Pionero Capital - Clase A,ARS,2026-05-08,2.0,1955.336,0.422,14.599,45.261
Pionero Capital - Clase B,ARS,2026-05-08,2.0,20923.253,0.433,14.824,46.064
Pionero Capital - Clase C Ley N° 27.743,ARS,2026-05-08,2.0,1983.327,0.427,14.711,45.662
Pionero Crecimiento - Clase A,ARS,2026-05-08,2.0,4573.708,0.0,0.0,6.715
Pionero Crecimiento - Clase B,ARS,2026-05-08,2.0,11707.097,1.02,12.194,45.347
Pionero Crecimiento - Clase C,ARS,2026-05-08,2.0,1000,0.0,0.0,0.0
Pionero Gestion - Clase A,ARS,2026-05-08,2.0,1000,0.0,0.0,0.0
Pionero Gestion - Clase B,ARS,2026-05-08,2.0,38159.341,0.907,11.794,46.599
Pionero Gestion - Clase C,ARS,2026-05-08,2.0,1000,0.0,0.0,0.0
Pionero Moneda - Clase A,ARS,2026-05-08,1.0,1000,0.0,0.0,0.0
Pionero Moneda - Clase B,ARS,2026-05-08,1.0,1532.575,0.583,13.874,43.087
Pionero Moneda - Clase C,ARS,2026-05-08,1.0,1000,0.0,0.0,0.0
Pionero Retorno - Clase A,ARS,2026-05-08,2.0,2078.802,-1.379,5.515,34.439
Pionero Retorno - Clase B,ARS,2026-05-08,2.0,9910.3,0.0,0.0,0.0
Pionero Retorno - Clase C,ARS,2026-05-08,2.0,1000,0.0,0.0,0.0
Zofingen Dollar Linked - Clase A,ARS,2026-05-08,2.0,2450.043,0.0,0.0,0.0
Zofingen Dollar Linked - Clase B,ARS,2026-05-08,2.0,15806.365,-0.038,-4.562,-4.704
Zofingen Dollar Linked - Clase C,ARS,2026-05-08,2.0,1000,0.0,0.0,0.0
1810 Ahorros Activos,ARS,2026-05-08,1.0,28400.84,1.366,20.879,53.166
1822 Raices Gestion,ARS,2026-05-08,1.0,16033.921,-1.032,6.765,42.736
1822 Raices Inversion,ARS,2026-05-08,1.0,95308.015,0.929,17.826,46.532
1822 Raices Renta en Pesos,ARS,2026-05-08,1.0,13808078.862,0.491,12.906,42.161
Adcap ASB Multiactivo - Clase A,ARS,2026-05-08,1.0,1213.127,-0.679,-8.984,33.31
Adcap ASB Multiactivo - Clase B,ARS,2026-05-08,1.0,1220.702,-0.67,-8.824,33.98
Adcap ASB Multiactivo - Clase C,ARS,2026-05-08,1.0,1258.581,-0.619,-7.975,37.568
Adcap ASB Multiactivo - Clase Ley Nº 27.743,ARS,2026-05-08,1.0,1160.831,,,
Adcap Balance Multiactivo  - Clase A,ARS,2026-05-08,1.0,1676.25,0.892,13.768,32.67
Adcap Balance Multiactivo - Clase B,ARS,2026-05-08,1.0,1691.783,0.899,13.959,33.327
Adcap Balance Multiactivo - Clase Ley Nº 27.743,ARS,2026-05-08,1.0,1466.529,,,
Adcap Balanceado IX - Clase A,ARS,2026-05-08,1.0,2081.03,0.401,1.495,22.298
Adcap Balanceado IX - Clase B,ARS,2026-05-08,1.0,2044.078,0.375,1.087,20.628
Adcap Balanceado IX - Clase C,ARS,2026-05-08,1.0,1733.424,,,
Adcap Balanceado IX - Clase Ley Nº 27.743,ARS,2026-05-08,1.0,1587.384,,,
Adcap Balanceado VII - Clase A,ARS,2026-05-08,1.0,1013.835,,,
Adcap Balanceado VII - Clase B,ARS,2026-05-08,1.0,2130.619,0.489,12.484,46.441
Adcap Balanceado VII - Clase C,ARS,2026-05-08,1.0,1006.332,,,
Adcap Balanceado X - Clase A,ARS,2026-05-08,1.0,7423.775,0.521,10.938,39.4
Adcap Balanceado X - Clase B,ARS,2026-05-08,1.0,7436.678,0.521,10.938,39.4
Adcap Balanceado X - Clase C,ARS,2026-05-08,1.0,6144.827,,,
Adcap Balanceado X - Clase Ley Nº 27.743,ARS,2026-05-08,1.0,1184.276,,,
Adcap Balanceado XIII - Clase A,ARS,2026-05-08,1.0,1200.037,,,
Adcap Balanceado XIII - Clase B,ARS,2026-05-08,1.0,1604.901,0.224,10.486,34.371
Adcap Balanceado XIII - Clase C,ARS,2026-05-08,1.0,1200.037,,,
Adcap Balanceado XVI - Clase A,ARS,2026-05-08,2.0,5620.287,0.475,11.038,38.345
Adcap Balanceado XVI - Clase B,ARS,2026-05-08,2.0,5688.862,0.493,11.39,39.598
Adcap Balanceado XVI - Clase C,ARS,2026-05-08,2.0,5936.786,0.5,11.812,42.091
Adcap Balanceado XVI - Clase Ley Nº 27.743,ARS,2026-05-08,2.0,1555.56,,,
Adcap Balanceado XVII - Clase A,ARS,2026-05-08,2.0,1612.707,-0.424,-2.126,22.176
Adcap Balanceado XVII - Clase B,ARS,2026-05-08,2.0,1500,0.0,0.0,0.0
Adcap Balanceado XVII - Clase C,ARS,2026-05-08,2.0,1346.278,,,
Adcap Balanceado XVII - Clase Ley Nº 27.743,ARS,2026-05-08,2.0,1096.591,,,
Adcap Balanceado XX - Clase B,ARS,2026-05-08,1.0,1499.283,0.827,-1.826,22.393
Adcap Balanceado XX - Clase Ley Nº 27.743,ARS,2026-05-08,1.0,1201.035,,,
Adcap Cima Ahorro - Clase A,ARS,2026-05-08,2.0,36744.164,1.073,11.643,56.496
Adcap Gestión Estratégica II - Clase B,ARS,2026-05-08,1.0,1196.37,0.781,-2.725,
Adcap Patrimonio IV - Clase A,ARS,2026-05-08,2.0,19493.317,0.466,12.27,103.921
Adcap Patrimonio IV - Clase B,ARS,2026-05-08,2.0,19648.181,0.466,12.27,103.935
Adcap Patrimonio IV - Clase Ley Nº 27.743,ARS,2026-05-08,2.0,1214.685,,,
Allaria Agro - Clase A,ARS,2026-05-08,1.0,1454.686,0.318,-6.335,27.438
Allaria Agro - Clase B,ARS,2026-05-08,1.0,1446.376,0.323,-6.253,27.757
Allaria Agro - Clase C,ARS,2026-05-08,1.0,1063.756,0.0,0.0,0.0
Allaria Capital - Clase A,ARS,2026-05-08,1.0,9025.37,0.0,12.909,42.168
Allaria Capital - Clase B,ARS,2026-05-08,1.0,1001.52,0.0,0.0,0.0
Allaria Capital - Clase C,ARS,2026-05-08,1.0,19523.727,0.52,12.966,39.922
Allaria Capital - Clase D,ARS,2026-05-08,1.0,1000,0.0,0.0,0.0
Allaria Dinámico - Clase A,ARS,2026-05-08,1.0,18557.811,0.736,4.539,33.48
Allaria Dinámico - Clase B,ARS,2026-05-08,1.0,18364.006,0.736,4.539,33.48
Allaria Dinámico - Clase C,ARS,2026-05-08,1.0,1000,0.0,0.0,0.0
Allaria Dinámico - Clase D,ARS,2026-05-08,1.0,1000,0.0,0.0,0.0
Allaria Dinámico - Clase Ley N° 27.743,ARS,2026-05-08,1.0,1000,,,
Allaria Estructurado - Clase A,ARS,2026-05-08,1.0,95609.812,0.933,15.719,46.898
Allaria Estructurado - Clase B,ARS,2026-05-08,1.0,16840.8,0.933,15.719,46.898
Allaria Estructurado - Clase C,ARS,2026-05-08,1.0,36357.603,0.933,15.719,46.898
Allaria Estructurado - Clase D,ARS,2026-05-08,1.0,1000,0.0,0.0,0.0
Allaria Estructurado - Clase Ley N° 27.743,ARS,2026-05-08,1.0,1000,,,
Allaria Patrimonio II - Clase A,ARS,2026-05-08,1.0,1000,0.0,0.0,0.0
Allaria Patrimonio II - Clase B,ARS,2026-05-08,1.0,1067.751,0.0,0.0,0.0
Allaria Patrimonio II - Clase C,ARS,2026-05-08,1.0,14760.035,0.914,-2.23,37.657
Allaria Patrimonio II - Clase D,ARS,2026-05-08,1.0,1000,0.0,0.0,0.0
Allaria Patrimonio V - Clase A,ARS,2026-05-08,1.0,15699.833,1.09,17.745,49.176
Allaria Patrimonio V - Clase B,ARS,2026-05-08,1.0,17008.839,1.09,17.745,49.176
Allaria Patrimonio V - Clase C,ARS,2026-05-08,1.0,14764.862,1.09,17.745,49.176
Allaria Patrimonio V - Clase Ley N° 27.743,ARS,2026-05-08,1.0,1000,,,
Allaria Principal - Clase A,ARS,2026-05-08,1.0,1000,0.0,0.0,0.0
Allaria Principal - Clase B,ARS,2026-05-08,1.0,16305.714,0.59,9.339,40.773
Allaria Principal - Clase C,ARS,2026-05-08,1.0,1000,0.0,0.0,0.0
Allaria Principal - Clase D,ARS,2026-05-08,1.0,1000,0.0,0.0,0.0
Allaria Unicred Cobertura - Clase A,ARS,2026-05-08,1.0,6077.178,0.808,-4.102,17.432
Allaria Unicred Cobertura - Clase B,ARS,2026-05-08,1.0,547.437,0.808,-4.102,17.432
Allaria Unicred Cobertura - Clase C,ARS,2026-05-08,1.0,1000,0.0,0.0,0.0
Allaria Unicred Cobertura - Clase D,ARS,2026-05-08,1.0,1000,0.0,0.0,0.0
Allaria Unicred Cobertura - Clase Ley N° 27.743,ARS,2026-05-08,1.0,1000,,,
Allaria Unicred Empresas - Clase A,ARS,2026-05-08,1.0,1579.109,0.593,13.908,52.471
Allaria Unicred Empresas - Clase B,ARS,2026-05-08,1.0,10632.914,0.593,13.909,52.474
Allaria Unicred Empresas - Clase C,ARS,2026-05-08,1.0,4340.304,0.0,0.0,0.0
Allaria Unicred Empresas - Clase D,ARS,2026-05-08,1.0,262.091,0.0,0.0,0.0
Allaria Unicred Empresas - Clase Ley N° 27.743,ARS,2026-05-08,1.0,1000,,,
Alpha Renta Capital - Clase A,ARS,2026-05-08,1.0,64287688.846,0.697,11.315,48.021
Alpha Renta Capital - Clase B,ARS,2026-05-08,1.0,51993645.859,0.679,10.9,46.039
Alpha Renta Capital - Clase C,ARS,2026-05-08,1.0,529.662,1.086,3.814,-19.386
Alpha Renta Capital - Clase D,ARS,2026-05-08,1.0,32809.967,1.765,15.011,17.605
Alpha Renta Capital - Clase I,ARS,2026-05-08,1.0,526.54,1.086,3.814,-19.386
Alpha Renta Capital Pesos - Clase A,ARS,2026-05-08,1.0,16761745.453,0.992,17.205,52.344
Alpha Renta Capital Pesos - Clase B,ARS,2026-05-08,1.0,13036479.509,0.978,16.831,50.337
Alpha Renta Capital Pesos - Clase J,ARS,2026-05-08,1.0,3091.179,0.0,0.0,0.0
Alpha Renta Capital Pesos - Clase K,ARS,2026-05-08,1.0,11859.978,0.978,16.829,50.335
Alpha Renta Capital Pesos - Clase Q Ley N° 27.743,ARS,2026-05-08,1.0,1862.824,0.966,16.629,50.077
Alpha Renta Plus - Clase A,ARS,2026-05-08,1.0,304541.223,0.471,12.196,42.186
Alpha Renta Plus - Clase B,ARS,2026-05-08,1.0,190794.097,0.457,11.868,40.707
Alpha Renta Plus - Clase I,ARS,2026-05-08,1.0,1000,0.0,0.0,0.0
Alycbur Renta Cobertura  - Clase A,ARS,2026-05-08,2.0,5937.778,0.602,-3.186,4.846
Alycbur Renta Cobertura  - Clase B,ARS,2026-05-08,2.0,5970.205,0.604,-3.148,4.97
Alycbur Renta Cobertura - Clase Ley Nº 27.743,ARS,2026-05-08,2.0,1383.29,,,
Argenfunds Renta Argentina - Clase A,ARS,2026-05-08,1.0,4293.198,0.0,0.0,0.0
Argenfunds Renta Argentina - Clase B,ARS,2026-05-08,1.0,170286.892,0.847,13.943,36.681
Argenfunds Renta Balanceada - Clase A,ARS,2026-05-08,1.0,52715.277,0.92,17.477,44.928
Argenfunds Renta Balanceada - Clase B,ARS,2026-05-08,1.0,104962.429,0.92,17.477,44.929
Argenfunds Renta Crecimiento - Clase E,USD,2026-05-08,1.0,173255.398,,,
Argenfunds Renta Crecimiento - Clase F,USD,2026-05-08,1.0,172460.501,,,
Argenfunds Renta Dinamica - Clase A,ARS,2026-05-08,1.0,2482.49,0.0,0.0,0.0
Argenfunds Renta Dinamica - Clase B,ARS,2026-05-08,1.0,475.045,0.917,12.948,30.737
Argenfunds Renta Global - Clase A,ARS,2026-05-08,1.0,4197.456,-0.18,-9.566,-18.877
Argenfunds Renta Global - Clase B,ARS,2026-05-08,1.0,19544.76,-0.18,-9.566,-18.921
Argenfunds Renta Mixta - Clase A,ARS,2026-05-08,0.0,2735.015,0.601,12.669,38.548
Argenfunds Renta Mixta - Clase B,ARS,2026-05-08,0.0,29834.84,0.601,12.669,38.548
Argenfunds Renta Pesos - Clase A,ARS,2026-05-08,1.0,3042.84,0.0,0.0,0.0
Argenfunds Renta Pesos - Clase B,ARS,2026-05-08,1.0,684311.425,-0.715,37.526,476.288
Argenfunds Renta Total - Clase A,ARS,2026-05-08,1.0,1396.3,0.0,0.0,0.0
Argenfunds Renta Total - Clase B,ARS,2026-05-08,1.0,8578.96,0.073,6.923,27.58
Balanz Institucional - Clase A,ARS,2026-05-08,1.0,112530.005,1.094,18.883,51.032
Balanz Institucional - Clase B,ARS,2026-05-08,1.0,42111.163,1.102,19.049,51.638
Balanz Institucional - Clase C,ARS,2026-05-08,1.0,119249.11,1.109,19.215,52.247
Balanz Institucional - Clase D,ARS,2026-05-08,1.0,33776.405,1.11,19.236,52.323
Balanz Institucional - Clase E,ARS,2026-05-08,1.0,1000,0.0,0.0,0.0
Balanz Institucional - Clase F,ARS,2026-05-08,1.0,1000,0.0,0.0,0.0
Balanz Institucional - Clase G,ARS,2026-05-08,1.0,1000,0.0,0.0,0.0
Balanz Institucional - Clase L Ley Nº 27.743,ARS,2026-05-08,1.0,1501.012,0.0,2.468,30.179
Balanz Lecaps - Clase A,ARS,2026-05-08,0.0,1974.684,0.62,12.065,36.672
Balanz Lecaps - Clase B,ARS,2026-05-08,0.0,1984.792,0.628,12.241,37.29
Balanz Lecaps - Clase C,ARS,2026-05-08,0.0,1992.853,0.635,12.377,37.771
Balanz Lecaps - Clase D,ARS,2026-05-08,0.0,13499.827,0.636,12.397,37.841
Balanz Lecaps - Clase E,ARS,2026-05-08,0.0,1000,0.0,0.0,0.0
Balanz Lecaps - Clase F,ARS,2026-05-08,0.0,1000,0.0,0.0,0.0
Balanz Lecaps - Clase L Ley Nº 27.743,ARS,2026-05-08,0.0,1747.294,0.62,12.064,36.671
Balanz Long Pesos - Clase A,ARS,2026-05-08,1.0,2056.866,0.698,15.195,43.603
Balanz Long Pesos - Clase B,ARS,2026-05-08,1.0,1447.642,0.7,15.252,43.805
Balanz Long Pesos - Clase C,ARS,2026-05-08,1.0,1441.24,0.705,15.355,44.124
Balanz Long Pesos - Clase D,ARS,2026-05-08,1.0,9716.882,0.717,15.596,44.568
Balanz Long Pesos - Clase E,ARS,2026-05-08,1.0,1000,0.0,0.0,0.0
Balanz Long Pesos - Clase F,ARS,2026-05-08,1.0,1208.006,0.0,0.0,0.0
Balanz Long Pesos - Clase L Ley N° 27.743,ARS,2026-05-08,1.0,1199.301,0.0,0.966,
Balanz Performance I - Clase A,ARS,2026-05-08,1.0,1000,0.0,0.0,0.0
Balanz Performance I - Clase B,ARS,2026-05-08,1.0,1000,0.0,0.0,0.0
Balanz Performance I - Clase C,ARS,2026-05-08,1.0,1000,0.0,0.0,0.0
Balanz Performance I - Clase D,ARS,2026-05-08,1.0,13549.223,0.603,14.2,45.034
Balanz Performance I - Clase E,ARS,2026-05-08,1.0,1000,0.0,0.0,0.0
Balanz Performance I - Clase F,ARS,2026-05-08,1.0,1000,0.0,0.0,0.0
Balanz Performance III - Clase A,ARS,2026-05-08,1.0,9309.263,1.386,11.03,44.341
Balanz Performance III - Clase B,ARS,2026-05-08,1.0,9333.86,1.388,11.069,44.486
Balanz Performance III - Clase C,ARS,2026-05-08,1.0,9051.423,1.39,11.108,44.63
Balanz Performance III - Clase D,ARS,2026-05-08,1.0,9421.8,1.39,11.127,44.703
Balanz Performance III - Clase L Ley Nº 27.743,ARS,2026-05-08,1.0,1418.647,0.0,1.229,31.597
Bull Market Ahorro Balanceado II - Clase A,ARS,2026-05-08,1.0,1045.885,0.082,,
Bull Market Ahorro Balanceado II - Clase B,ARS,2026-05-08,1.0,1017.222,0.0,,
Bull Market Ahorro Pesos - Clase A,ARS,2026-05-08,1.0,1000,0.0,0.0,0.0
Bull Market Ahorro Pesos - Clase B,ARS,2026-05-08,1.0,1303.862,0.409,9.622,30.666
Bull Market Estrategia - Clase A,ARS,2026-05-08,1.0,1000,0.0,0.0,
Bull Market Estrategia - Clase B,ARS,2026-05-08,1.0,1109.016,0.444,11.107,
Champaquí Estratégico - Clase A,ARS,2026-05-08,1.0,12024.157,0.58,2.893,39.36
Champaquí Estratégico - Clase B,ARS,2026-05-08,1.0,12279.692,0.591,3.106,40.187
Champaquí Renta Futura - Clase B,ARS,2026-05-08,1.0,4298.784,0.925,16.377,41.967
Champaquí Renta Futura - Clase D,ARS,2026-05-08,1.0,4329.561,0.937,16.55,42.414
CMA Performance - Clase A,ARS,2026-05-08,1.0,34455.779,0.393,-1.065,15.589
CMA Performance - Clase B,ARS,2026-05-08,1.0,48216.023,0.404,-0.873,16.228
CMA Performance - Clase Ley N° 27.743,ARS,2026-05-08,1.0,1364.876,0.0,-1.114,15.532
Compass Opportunity - Clase A,ARS,2026-05-08,2.0,444874.369,0.347,9.493,36.958
Compass Opportunity - Clase B,ARS,2026-05-08,2.0,526456.924,0.371,10.04,38.949
Compass Opportunity - Clase C,ARS,2026-05-08,2.0,565784.933,0.376,10.154,39.364
Compass Renta Mixta IV - Clase A,ARS,2026-05-08,2.0,1306.595,0.473,10.477,
Compass Renta Mixta IV - Clase B,ARS,2026-05-08,2.0,1289.177,0.446,9.87,
Compass Renta Mixta IV - Clase C,ARS,2026-05-08,2.0,1306.595,0.473,10.477,
Compass Renta Mixta IV - Clase H Ley N° 27.743,ARS,2026-05-08,2.0,1306.595,0.473,10.477,
Compass Renta Mixta IV - Clase I Ley N° 27.743,ARS,2026-05-08,2.0,1306.595,0.473,10.477,
Consultatio Gestion IX - Clase A,ARS,2026-05-08,1.0,4325.906,-0.278,-1.252,-1.889
Consultatio Gestion IX - Clase B,ARS,2026-05-08,1.0,3679.21,-0.278,-1.252,-1.889
Consultatio Gestion IX - Clase C,ARS,2026-05-08,1.0,14295.362,-0.328,-2.154,-4.139
Consultatio Gestión XII Pesos - Clase A,ARS,2026-05-08,1.0,1617.104,0.686,16.301,51.887
Consultatio Gestión XII Pesos - Clase B,ARS,2026-05-08,1.0,10368.481,0.649,15.522,49.646
Consultatio Gestión XII Pesos - Clase C,ARS,2026-05-08,1.0,31860.95,0.649,15.522,49.364
Consultatio Global - Clase A,ARS,2026-05-08,1.0,1702.834,0.916,16.294,36.675
Consultatio Global - Clase B,ARS,2026-05-08,1.0,1720.092,0.916,16.294,36.675
Consultatio Global - Clase C,ARS,2026-05-08,1.0,3262.918,0.916,16.294,36.675
Consultatio Global - Clase D,ARS,2026-05-08,1.0,44462.842,0.889,15.718,34.753
Consultatio Multiestrategia - Clase A,ARS,2026-05-08,3.0,55038.226,0.463,10.32,41.259
Consultatio Multiestrategia - Clase B,ARS,2026-05-08,3.0,62466.096,0.492,10.901,43.395
Consultatio Multiestrategia - Clase C,ARS,2026-05-08,3.0,69433.975,0.532,11.727,45.381
Consultatio Multimercado I - Clase A,ARS,2026-05-08,3.0,1630.121,0.788,15.538,55.244
Consultatio Multimercado I - Clase B,ARS,2026-05-08,3.0,1615.92,0.773,15.283,54.228
Consultatio Multimercado I - Clase C,ARS,2026-05-08,3.0,1615.129,0.774,15.249,54.138
Consultatio Multimercado II - Clase A,ARS,2026-05-08,3.0,275.662,-0.228,-28.852,-67.464
Consultatio Multimercado II - Clase B,ARS,2026-05-08,3.0,275.662,-0.228,-28.852,-67.464
Consultatio Multimercado II - Clase C,ARS,2026-05-08,3.0,275.662,-0.228,-28.852,-67.464
Consultatio Renta Dolares - Clase A,ARS,2026-05-08,2.0,141301.755,0.233,12.693,44.138
Consultatio Renta Dolares - Clase B,ARS,2026-05-08,2.0,154112.666,0.26,13.248,46.171
Consultatio Renta Dolares - Clase C,ARS,2026-05-08,2.0,165641.33,0.279,13.632,47.588
Consultatio Renta Plus,ARS,2026-05-08,1.0,528237.676,0.291,7.598,48.904
Crecer Renta Plus - Clase A,ARS,2026-05-08,1.0,1325.33,0.658,14.341,32.512
Crecer Renta Plus - Clase B,ARS,2026-05-08,1.0,1340.382,0.679,14.779,33.965
Dracma Renta Ahorro - Clase A,ARS,2026-05-08,1.0,10131.256,0.607,15.154,44.887
Dracma Renta Ahorro - Clase B,ARS,2026-05-08,1.0,10131.26,0.607,15.154,44.886
Dracma Renta Ahorro - Clase C,ARS,2026-05-08,1.0,1000,0.0,0.0,0.0
Dracma Renta Ahorro - Clase D,ARS,2026-05-08,1.0,1000,0.0,0.0,0.0
FBA Horizonte,ARS,2026-05-08,1.0,324178.999,0.655,0.187,28.338
FBA Horizonte - Clase J Ley N° 27.743,ARS,2026-05-08,1.0,324192.47,0.655,0.187,28.338
FBA Horizonte - Clase K Ley N° 27.743,ARS,2026-05-08,1.0,213660.218,,,
Fima Renta Plus - Clase A,ARS,2026-05-08,1.0,885790.99,1.118,18.177,47.813
Fima Renta Plus - Clase B,ARS,2026-05-08,1.0,999400.455,1.126,18.366,48.489
Fima Renta Plus - Clase C,ARS,2026-05-08,1.0,1054825.185,1.132,18.492,48.942
Fima Renta Plus - Clase E,ARS,2026-05-08,1.0,1092434.39,1.136,18.577,
First Crecimiento - Clase A,ARS,2026-05-08,1.0,1000,0.0,0.0,0.0
First Crecimiento - Clase B,ARS,2026-05-08,1.0,1000,0.0,0.0,0.0
First Crecimiento - Clase C,ARS,2026-05-08,1.0,1000,0.0,0.0,0.0
First Crecimiento - Clase D,ARS,2026-05-08,1.0,42506.846,0.545,13.074,53.242
Fundcorp Long Performance - Clase A,ARS,2026-05-08,1.0,67666.503,1.043,15.304,36.39
Fundcorp Long Performance - Clase B,ARS,2026-05-08,1.0,69066.483,1.047,15.404,36.733
Fundcorp Long Performance - Clase C,ARS,2026-05-08,1.0,12103.672,1.078,16.049,38.941
Gainvest Balanceado IV - Clase A,ARS,2026-05-08,1.0,1000,0.0,0.0,0.0
Gainvest Balanceado IV - Clase B,ARS,2026-05-08,1.0,8876.623,0.0,-6.056,36.905
Gainvest Balanceado IV - Clase C,ARS,2026-05-08,1.0,1000,0.0,0.0,0.0
Gainvest Balanceado VIII - Clase A,ARS,2026-05-08,1.0,1000,0.0,0.0,0.0
Gainvest Balanceado VIII - Clase B,ARS,2026-05-08,1.0,186.112,0.592,12.152,44.406
Gainvest Balanceado VIII - Clase C,ARS,2026-05-08,1.0,1000,0.0,0.0,0.0
Gainvest Capital - Clase A,ARS,2026-05-08,1.0,1168.356,0.142,-6.059,-82.006
Gainvest Capital - Clase B,ARS,2026-05-08,1.0,1609.449,0.142,-6.059,-82.006
Gainvest Capital II - Clase A,ARS,2026-05-08,1.0,1000,0.0,0.0,0.0
Gainvest Capital II - Clase B,ARS,2026-05-08,1.0,25288.43,0.905,0.706,-15.675
Gainvest Capital III - Clase A,ARS,2026-05-08,1.0,1007.849,0.0,0.0,0.0
Gainvest Capital III - Clase B,ARS,2026-05-08,1.0,29738.687,-0.466,10.595,53.292
Gainvest Estrategia II - Clase A,ARS,2026-05-08,1.0,1000,0.0,0.0,0.0
Gainvest Estrategia II - Clase B,ARS,2026-05-08,1.0,1.318,-45.289,-96.169,-99.903
Gainvest Estrategia III - Clase A,ARS,2026-05-08,1.0,23144.132,0.0,0.0,0.0
Gainvest Estrategia III - Clase B,ARS,2026-05-08,1.0,6396.635,-0.084,-48.612,-42.866
Gainvest Regional - Clase A,ARS,2026-05-08,1.0,1396254.682,0.107,-93.41,-17.54
Gainvest Regional - Clase B,ARS,2026-05-08,1.0,2.484,0.081,-93.411,-17.365
Gainvest Regional - Clase C,ARS,2026-05-08,1.0,1000,0.0,0.0,0.0
Galileo Estrategia - Clase A,ARS,2026-05-08,1.0,59891.312,0.739,15.184,34.523
Galileo Estrategia - Clase B,ARS,2026-05-08,1.0,54195.723,0.749,15.385,35.198
Galileo Multimercado III - Clase A,ARS,2026-05-08,1.0,13239.203,0.005,7.994,43.144
Galileo Multimercado III - Clase B,ARS,2026-05-08,1.0,1133.208,0.014,8.169,
Galileo Premium - Clase A,ARS,2026-05-08,1.0,229117.667,-0.394,-1.145,26.535
Galileo Premium - Clase B,ARS,2026-05-08,1.0,240402.887,-0.389,-1.059,26.828
Galileo Renta - Clase A,ARS,2026-05-08,1.0,47897.711,0.552,11.246,50.722
Galileo Renta - Clase B,ARS,2026-05-08,1.0,39124.868,0.568,11.58,36.056
GSS Cobertura - Clase A,ARS,2026-05-08,1.0,2620.119,0.0,0.0,0.0
GSS Cobertura - Clase B,ARS,2026-05-08,1.0,60810.417,1.267,2.503,38.353
IAM Estrategia - Clase E,USD,2026-05-08,2.0,1728500.412,-1.078,-2.765,26.916
IAM Renta Balanceada - Clase A,ARS,2026-05-08,2.0,12745.096,0.536,0.694,34.304
IAM Renta Balanceada - Clase B,ARS,2026-05-08,2.0,13069.393,0.545,0.85,34.898
IAM Renta Balanceada - Clase C,ARS,2026-05-08,2.0,13429.279,0.559,1.12,35.929
IAM Renta Balanceada - Clase D,ARS,2026-05-08,2.0,1000,0.0,0.0,0.0
IAM Renta Crecimiento - Clase A,ARS,2026-05-08,0.0,135557.604,0.673,12.193,41.529
IAM Renta Crecimiento - Clase B,ARS,2026-05-08,0.0,148418.639,0.681,12.355,42.112
IAM Renta Crecimiento - Clase C,ARS,2026-05-08,0.0,107690.892,0.681,12.355,42.112
IAM Renta Crecimiento - Clase D,ARS,2026-05-08,0.0,1000,0.0,0.0,0.0
Intervalores Ahorro - Clase A,ARS,2026-05-08,1.0,51587.056,0.575,16.711,46.487
Intervalores Ahorro - Clase B,ARS,2026-05-08,1.0,61015.528,0.58,16.813,46.854
Intervalores Ahorro - Clase C,ARS,2026-05-08,1.0,52466.253,0.585,16.916,47.221
Intervalores Ahorro - Clase D,ARS,2026-05-08,1.0,1000,,,
Intervalores Ahorro - Clase Ley N° 27.743,ARS,2026-05-08,1.0,1000,,,
IOL Portafolio Potenciado - Clase A,ARS,2026-05-08,1.0,1442.892,1.581,8.422,
IOL Portafolio Potenciado - Clase B,ARS,2026-05-08,1.0,1442.89,1.581,8.422,
IOL Portafolio Potenciado - Clase C,ARS,2026-05-08,1.0,1018.475,,,
IOL Portafolio Potenciado - Clase Ley N° 27.743,ARS,2026-05-08,1.0,1362.774,,,
Lombard Abierto Plus,ARS,2026-05-08,1.0,142505.351,0.998,17.316,43.922
MAF Ahorro,ARS,2026-05-08,2.0,80769.339,0.712,13.896,45.462
MAF Renta Argentina - Clase U,ARS,2026-05-08,2.0,217792.925,0.264,1.116,37.106
MAF Renta Argentina 2 - Clase A,ARS,2026-05-08,3.0,307981.718,0.45,12.291,36.525
MAF Renta Argentina 2 - Clase B,ARS,2026-05-08,3.0,319903.535,0.45,12.297,36.532
Max Cobertura - Clase A,ARS,2026-05-08,1.0,6482.947,0.086,-2.988,32.595
Max Cobertura - Clase B,ARS,2026-05-08,1.0,6579.92,0.095,-2.835,33.195
Max Cobertura - Clase C,ARS,2026-05-08,1.0,1000,0.0,0.0,0.0
Max Cobertura - Clase D,ARS,2026-05-08,1.0,1000,0.0,0.0,0.0
Max Cobertura - Clase E Ley N° 27.743,ARS,2026-05-08,1.0,1563.24,0.088,-3.004,34.043
MEGAQM Cobertura - Clase A,ARS,2026-05-08,1.0,384320.679,0.245,0.513,33.325
MEGAQM Cobertura - Clase B,ARS,2026-05-08,1.0,408958.109,0.259,0.782,34.345
MEGAQM Estrategia 1 - Clase A,ARS,2026-05-08,1.0,80068.194,0.716,3.785,44.295
MEGAQM Estrategia 1 - Clase B,ARS,2026-05-08,1.0,19877.905,0.0,0.0,0.0
MEGAQM Estrategia 10 - Clase B,ARS,2026-05-08,1.0,36803.36,-0.035,-2.027,18.484
MEGAQM Estrategia 9 - Clase A,ARS,2026-05-08,1.0,24.87,0.153,-91.87,-99.84
MEGAQM Estrategia 9 - Clase B,ARS,2026-05-08,1.0,317.271,0.143,-91.87,-99.839
MEGAQM Estrategia 9 - Clase C,ARS,2026-05-08,1.0,1000,0.0,0.0,0.0
MEGAQM Estrategia 9 - Clase D,ARS,2026-05-08,1.0,1000,0.0,0.0,0.0
MEGAQM Latam Corporativo - Clase BP,USD,2026-05-08,3.0,1705935.792,-0.878,-1.277,33.078
MEGAQM Provincial - Clase A,ARS,2026-05-08,1.0,68067.488,0.546,15.753,40.584
MEGAQM Provincial - Clase B,ARS,2026-05-08,1.0,68145.217,0.568,16.21,42.17
Novus Estrategia - Clase A,ARS,2026-05-08,1.0,13973.041,1.049,16.646,49.253
Novus Estrategia - Clase B,ARS,2026-05-08,1.0,14490.943,1.069,17.056,50.754
Novus Estrategia - Clase C,ARS,2026-05-08,1.0,13973.042,1.049,16.646,49.253
Novus Estrategia - Clase D,ARS,2026-05-08,1.0,9829.551,0.0,0.0,1.864
Novus Estrategia - Clase E,ARS,2026-05-08,1.0,1747.922,1.049,16.646,24.943
Novus Estrategia - Clase F,ARS,2026-05-08,1.0,6776.356,1.069,17.056,54.724
Novus Estrategia - Clase G,ARS,2026-05-08,1.0,2290.368,1.049,16.646,49.253
Novus Estrategia - Clase H,ARS,2026-05-08,1.0,1248,0.0,0.0,0.0
Novus Estrategia - Clase I Ley N° 27.743,ARS,2026-05-08,1.0,1042.316,0.0,0.0,4.232
Novus Valor - Clase A,ARS,2026-05-08,1.0,9411.889,0.448,1.965,37.823
Novus Valor - Clase B,ARS,2026-05-08,1.0,9727.735,0.464,2.252,38.93
Novus Valor - Clase C,ARS,2026-05-08,1.0,9411.957,0.448,1.965,37.823
Novus Valor - Clase D,ARS,2026-05-08,1.0,9765.445,0.464,2.252,38.931
Novus Valor - Clase E,ARS,2026-05-08,1.0,1105.098,0.0,0.0,10.51
Novus Valor - Clase F,ARS,2026-05-08,1.0,3816.866,0.464,4.195,9.437
Novus Valor - Clase G,ARS,2026-05-08,1.0,1000,0.0,0.0,0.0
Novus Valor - Clase H,ARS,2026-05-08,1.0,3166.869,0.0,0.0,0.0
Numancia Dólares - Clase E,USD,2026-05-08,2.0,260324.997,,,
Numancia Dólares - Clase F,USD,2026-05-08,2.0,184399.129,,,
Numancia Dólares - Clase G,USD,2026-05-08,2.0,260324.997,,,
Numancia Dólares - Clase H,USD,2026-05-08,2.0,260324.997,,,
Numancia Pesos - Clase A,ARS,2026-05-08,2.0,2808.448,0.0,0.0,0.0
Numancia Pesos - Clase B,ARS,2026-05-08,2.0,813.746,0.715,-4.304,21.841
Numancia Pesos - Clase C,ARS,2026-05-08,2.0,1000,0.0,0.0,0.0
Optimum Balanced Strategy - Clase B,ARS,2026-05-08,1.0,4194.036,1.088,-0.847,31.773
Optimum Renta Mixta Flexible - Clase A,ARS,2026-05-08,1.0,1000,,,
Optimum Renta Mixta Flexible - Clase B,ARS,2026-05-08,1.0,67824.248,0.975,2.77,42.014
Optimum Renta Mixta Flexible Argentina - Clase A,ARS,2026-05-08,1.0,1000,,,
Optimum Renta Mixta Flexible Argentina - Clase B,ARS,2026-05-08,1.0,15855.375,0.897,6.176,34.654
Parakeet Dinámico II - Clase A,ARS,2026-05-08,1.0,1000,0.0,0.0,
Parakeet Dinámico II - Clase B,ARS,2026-05-08,1.0,1379.329,1.595,14.318,
Parakeet Dinámico II - Clase X Ley N°27.743,ARS,2026-05-08,1.0,1000,0.0,0.0,
Parakeet Dinámico III - Clase A,ARS,2026-05-08,1.0,1000,0.0,0.0,
Parakeet Dinámico III - Clase B,ARS,2026-05-08,1.0,1000,0.0,0.0,
Parakeet Dinámico III - Clase X Ley N° 27.743,ARS,2026-05-08,1.0,1000,0.0,0.0,
Parakeet Gestion Activa - Clase A,ARS,2026-05-08,1.0,1071.986,0.486,,
Parakeet Gestion Activa - Clase B,ARS,2026-05-08,1.0,1077.925,0.525,,
Parakeet Gestion Activa - Clase C,ARS,2026-05-08,1.0,1000,0.0,,
Pellegrini Proteccion - Clase A,ARS,2026-05-08,1.0,19196.479,0.939,-0.391,29.25
Pellegrini Proteccion - Clase B,ARS,2026-05-08,1.0,20446.072,0.949,-0.214,29.9
Pellegrini Proteccion - Clase C,ARS,2026-05-08,1.0,20192.141,0.953,-0.143,30.161
Pellegrini Proteccion - Clase R Ley N° 27.743,ARS,2026-05-08,1.0,1000,0.0,0.0,0.0
Pellegrini Renta Publica Federal - Clase A,ARS,2026-05-08,1.0,71987.743,1.3,14.995,42.282
Pellegrini Renta Publica Federal - Clase B,ARS,2026-05-08,1.0,79791.568,1.31,15.2,42.997
Pionero Desarrollo - Clase A,ARS,2026-05-08,2.0,1000,0.0,0.0,0.0
Pionero Desarrollo - Clase B,ARS,2026-05-08,2.0,14275.284,0.603,10.606,41.678
Pionero Desarrollo - Clase C,ARS,2026-05-08,2.0,1000,0.0,0.0,0.0
Pionero Performance - Clase B,ARS,2026-05-08,1.0,472209.995,0.0,0.0,3.852
Pionero Performance II - Clase B,ARS,2026-05-08,2.0,42029.248,0.022,0.001,19.188
Pionero Performance III - Clase B,ARS,2026-05-08,2.0,148708.234,0.0,0.0,2.701
Pionero Renta - Clase A,ARS,2026-05-08,2.0,1644117.689,1.124,17.517,46.469
Pionero Renta - Clase B,ARS,2026-05-08,2.0,1645727.095,1.135,17.632,
Pionero Renta - Clase C,ARS,2026-05-08,2.0,1000,0.0,0.0,
Premier Capital - Clase A,ARS,2026-05-08,1.0,183538.357,0.872,16.107,48.467
Premier Capital - Clase B,ARS,2026-05-08,1.0,168747.088,0.859,15.818,47.431
Premier Capital - Clase C,ARS,2026-05-08,1.0,4084.248,0.0,0.0,0.0
SBS Capital Plus - Clase A,ARS,2026-05-08,1.0,79562.22,0.194,-2.49,26.948
SBS Capital Plus - Clase B,ARS,2026-05-08,1.0,85288.72,0.213,-2.147,28.227
SBS Capital Plus - Clase Ley N° 27.743,ARS,2026-05-08,1.0,1000,0.0,0.0,0.0
SBS Estrategia - Clase A,ARS,2026-05-08,1.0,54536.908,0.263,6.261,39.575
SBS Estrategia - Clase B,ARS,2026-05-08,1.0,57880.069,0.282,6.635,40.981
SBS Estrategia - Clase Ley N° 27.743,ARS,2026-05-08,1.0,1061.195,0.0,0.0,0.948
SBS Patrimonio - Clase A,ARS,2026-05-08,1.0,1000,0.0,0.0,0.0
SBS Patrimonio - Clase B,ARS,2026-05-08,1.0,41429.782,0.669,12.983,49.234
SBS Patrimonio - Clase Ley N° 27.743,ARS,2026-05-08,1.0,1000,0.0,0.0,0.0
SBS Renta Capital - Clase A,ARS,2026-05-08,1.0,1000,0.0,0.0,0.0
SBS Renta Capital - Clase B,ARS,2026-05-08,1.0,121478.1,0.467,-1.233,31.235
SBS Renta Capital - Clase Ley N° 27.743,ARS,2026-05-08,1.0,1000,0.0,0.0,0.0
SBS Renta Pesos - Clase A,ARS,2026-05-08,1.0,1370190.166,0.929,17.045,51.214
SBS Renta Pesos - Clase B,ARS,2026-05-08,1.0,1528781.588,0.948,17.457,52.738
SBS Renta Pesos - Clase Ley N° 27.743,ARS,2026-05-08,1.0,1010.012,0.0,0.0,1.001
SBS Tavelli Renta - Clase P,ARS,2026-05-08,1.0,831053.271,-0.122,2.426,24.909
Schroder Pesos - Clase A,ARS,2026-05-08,1.0,1201.003,0.0,0.0,0.0
Schroder Pesos - Clase B,ARS,2026-05-08,1.0,33386.304,1.922,-13.476,18.045
Schroder Pesos - Clase C,ARS,2026-05-08,1.0,1046.401,0.0,0.0,0.0
Schroder Pesos - Clase D,ARS,2026-05-08,1.0,1065.759,0.0,0.0,0.0
Schroder Renta Global Cinco - Clase A,ARS,2026-05-08,1.0,15198.256,0.527,3.052,36.145
Schroder Renta Global Cinco - Clase B,ARS,2026-05-08,1.0,15198.315,0.527,3.052,36.145
Schroder Renta Global Cuatro - Clase B,ARS,2026-05-08,1.0,13296.153,0.482,-2.759,28.733
Super Bonos - Clase A,ARS,2026-05-08,2.0,1154629.553,0.619,1.528,35.198
Super Bonos - Clase B,ARS,2026-05-08,2.0,1247546.666,0.631,1.76,36.082
Super Bonos - Clase F,ARS,2026-05-08,2.0,64510.84,0.677,2.604,39.323
Super Bonos - Clase H,ARS,2026-05-08,2.0,12706.598,0.619,1.528,35.198
Super Bonos - Clase I,ARS,2026-05-08,2.0,13109.937,0.631,1.76,36.082
Superfondo Renta $ - Clase A,ARS,2026-05-08,2.0,126852.397,0.979,17.477,48.413
Superfondo Renta $ - Clase B,ARS,2026-05-08,2.0,143602.718,0.992,17.741,49.372
Superfondo Renta $ - Clase E,ARS,2026-05-08,2.0,71590.486,1.038,18.721,52.941
Superfondo Renta $ - Clase F,ARS,2026-05-08,2.0,114962.124,1.038,18.721,52.941
Superfondo Renta $ - Clase H,ARS,2026-05-08,2.0,37800.718,0.979,17.477,48.413
Superfondo Renta $ - Clase I,ARS,2026-05-08,2.0,41516.488,0.992,17.746,49.384
Superfondo Renta $ - Clase J,ARS,2026-05-08,2.0,43008.604,1.038,18.721,52.941
Toronto Trust Retorno Total - Clase A,ARS,2026-05-08,1.0,51119.093,0.753,16.353,41.199
Toronto Trust Retorno Total - Clase B,ARS,2026-05-08,1.0,60884.087,0.765,16.599,42.051
Toronto Trust Retorno Total - Clase C,ARS,2026-05-08,1.0,52325.375,0.759,16.476,41.624
Toronto Trust Retorno Total - Clase Ley N° 27.743,ARS,2026-05-08,1.0,1785.954,0.753,16.354,41.199
Ualintec Cobertura - Clase A,ARS,2026-05-08,1.0,1663.609,0.343,4.227,40.125
Ualintec Cobertura - Clase B,ARS,2026-05-08,1.0,997.549,0.359,-0.245,-0.245
Ualintec Cobertura - Clase C,ARS,2026-05-08,1.0,1737.676,0.37,4.74,45.699
Valiant Cerrado de Créditos - Clase A,ARS,2026-05-08,0.0,1000,,,
Zofingen Faro Fund - Clase A,ARS,2026-05-08,2.0,1022.688,-0.342,2.084,24.962
Zofingen Faro Fund - Clase B,ARS,2026-05-08,2.0,1000,0.0,0.0,0.0
Zofingen Faro Fund - Clase C,ARS,2026-05-08,2.0,6533.11,-0.333,2.262,25.59
Delta Multimercado II - Clase B,ARS,2026-05-08,1.0,1880.118,0.0,0.0,0.0
Delta Multimercado II - Clase E,ARS,2026-05-08,1.0,17613.851,0.412,11.7,40.238
Consultatio Crecimiento - Clase A,ARS,2026-05-08,2.0,217226.285,1.129,16.33,61.849
Consultatio Crecimiento - Clase B,ARS,2026-05-08,2.0,200077.863,1.08,15.309,58.824
Consultatio Crecimiento - Clase C,ARS,2026-05-08,2.0,209234.057,1.129,16.33,61.849
Consultatio Estrategia - Clase A,ARS,2026-05-08,1.0,105054.096,0.195,6.539,47.072
Consultatio Estrategia - Clase B,ARS,2026-05-08,1.0,119351.547,0.219,7.007,48.923
Consultatio Estrategia - Clase C,ARS,2026-05-08,1.0,147267.947,0.264,7.898,52.276
Consultatio Retorno Absoluto - Clase A,ARS,2026-05-08,2.0,224389.947,0.063,4.563,93.881
Consultatio Retorno Absoluto - Clase B,ARS,2026-05-08,2.0,246224.882,0.097,5.216,97.357
Consultatio Retorno Absoluto - Clase C,ARS,2026-05-08,2.0,258395.646,0.108,5.427,98.485
Max Estrategico II - Clase A,ARS,2026-05-08,1.0,1996.891,0.0,0.0,0.0
Max Estrategico II - Clase B,ARS,2026-05-08,1.0,2003.046,0.0,0.0,0.0
Max Estrategico II - Clase C,ARS,2026-05-08,1.0,1000,0.0,0.0,0.0
Max Estrategico II - Clase D,ARS,2026-05-08,1.0,2913.371,0.026,-4.297,27.855
FBA Bonos Globales - Clase A,ARS,2026-05-08,3.0,122738.681,0.145,2.913,9.058
FBA Bonos Globales - Clase B,ARS,2026-05-08,3.0,126977.894,0.153,3.058,9.496
Adcap Balanceado IV - Clase A,ARS,2026-05-08,2.0,60577.5,,,
Adcap Balanceado IV - Clase B,ARS,2026-05-08,2.0,59738.5,,,
Adcap Balanceado IV - Clase C,ARS,2026-05-08,2.0,76603.7,0.757,15.613,35.157
Adcap Balanceado V - Clase A,ARS,2026-05-08,2.0,137192.648,1.248,22.662,362.784
Adcap Balanceado V - Clase B,ARS,2026-05-08,2.0,165473.906,1.271,23.164,467.652
Adcap Balanceado V - Clase C,ARS,2026-05-08,2.0,30684.163,,,
Adcap Balanceado V - Clase Ley Nº 27.743,ARS,2026-05-08,2.0,1178.197,,,
Adcap Balanceado XI - Clase A,ARS,2026-05-08,2.0,20914.855,,,
Adcap Balanceado XI - Clase B,ARS,2026-05-08,2.0,20810.26,,,
Adcap Balanceado XI - Clase C,ARS,2026-05-08,2.0,26862.503,0.414,11.887,40.122
Adcap Renta Dólar - Clase A,USD,2026-05-08,3.0,114410.279,,,
Adcap Renta Dólar - Clase B,USD,2026-05-08,3.0,114779.208,,,
First Ahorro Pesos - Clase A,ARS,2026-05-08,1.0,1012.799,0.394,,
First Ahorro Pesos - Clase B,ARS,2026-05-08,1.0,1000,0.0,,
First Ahorro Pesos - Clase C,ARS,2026-05-08,1.0,1000,0.0,,
First Ahorro Pesos - Clase D,ARS,2026-05-08,1.0,1014.023,0.423,,
IOL Cash Management - Clase A,ARS,2026-05-08,2.0,11230.855,0.309,11.664,24.564
IOL Cash Management - Clase B,ARS,2026-05-08,2.0,11242.707,0.309,11.664,23.582
IOL Cash Management - Clase C,ARS,2026-05-08,2.0,13696.486,0.36,12.704,30.002
IOL Cash Management - Clase Ley Nº 27.743,ARS,2026-05-08,2.0,1392.773,,,
Toronto Trust Liquidez Dólar - Clase F,USD,2026-05-08,2.0,1487167.403,-0.985,-2.514,27.19
Adcap Balanceado I - Clase F,ARS,2026-05-08,2.0,25.568,,,
Allaria Renta Dolar Ley 27260 - Clase A,USD,2026-05-08,1.0,1014.112,0.0,0.0,0.0
Allaria Renta Dolar Ley 27260 - Clase B,USD,2026-05-08,1.0,961.756,0.0,0.0,0.0
Allaria Renta Dolar Ley 27260 - Clase C,USD,2026-05-08,1.0,890.27,-0.075,-1.392,-3.665
Allaria Renta Dolar Ley 27260 - Clase D Ley N° 27.743,USD,2026-05-08,1.0,999.062,,,
Alycbur Renta Dólar - Clase A,USD,2026-05-08,1.0,1013.553,0.0,0.0,0.749
Alycbur Renta Dólar - Clase B,USD,2026-05-08,1.0,182.459,0.005,-0.063,0.476
Alycbur Renta Dólar - Clase C,USD,2026-05-08,1.0,915.409,0.0,0.0,0.0
Alycbur Renta Dólar - Clase Ley N° 27.743,USD,2026-05-08,1.0,1025.614,0.0,0.0,0.623
Argenfunds Ahorro Pesos - Clase C,ARS,2026-05-08,1.0,2.907,1.078,3.821,-19.384
Argenfunds Ahorro Pesos - Clase D,ARS,2026-05-08,1.0,2.579,1.058,3.783,-19.406
Argenfunds Ahorro Pesos - Clase E,ARS,2026-05-08,1.0,0.701,1.154,3.852,-19.333
Argenfunds Ahorro Pesos - Clase F,ARS,2026-05-08,1.0,0.701,1.154,3.852,-19.333
Argenfunds Renta Capital - Clase A,USD,2026-05-08,3.0,1022.867,0.0,0.0,0.0
Argenfunds Renta Capital - Clase B,USD,2026-05-08,3.0,1123.266,0.066,0.709,3.274
Argenfunds Renta Capital - Clase C,USD,2026-05-08,3.0,1080.198,0.056,0.549,2.817
Argenfunds Renta Capital - Clase D,USD,2026-05-08,3.0,1118.223,0.066,0.709,3.274
Argenfunds Renta Flexible - Clase C,ARS,2026-05-08,1.0,0.975,1.036,3.834,-19.421
Argenfunds Renta Flexible - Clase D,ARS,2026-05-08,1.0,1.011,1.1,3.799,-19.378
Cima Renta Dolares Corto Plazo - Clase B,USD,2026-05-08,3.0,927.424,,,
Cocos Ahorro Dólares - Clase A,USD,2026-05-08,1.0,1079.58,0.058,0.914,3.024
Cocos Ahorro Dólares - Clase B,USD,2026-05-08,1.0,1075.42,0.044,0.709,2.494
Cocos Ahorro Dólares - Clase Ley N° 27.743,USD,2026-05-08,1.0,1046.263,0.044,0.709,2.172
Cohen Disp. Transitorias Ley 27260 - Clase A,USD,2026-05-08,1.0,790.033,0.0,0.0,0.0
Cohen Disp. Transitorias Ley 27260 - Clase B,USD,2026-05-08,1.0,749.924,0.0,0.0,0.0
Cohen Disp. Transitorias Ley 27260 - Clase C,USD,2026-05-08,1.0,761.007,0.0,0.0,0.0
Cohen Disp. Transitorias Ley 27260 - Clase D,USD,2026-05-08,1.0,1044.71,0.0,0.0,0.0
Compass Ahorro - Clase D,ARS,2026-05-08,1.0,76.469,1.669,17.056,10.429
Compass Ahorro - Clase E,ARS,2026-05-08,1.0,80.946,1.668,17.055,10.428
Compass Ahorro - Clase F,ARS,2026-05-08,1.0,87.687,1.668,17.055,10.429
Consultatio Diamante Plus - Clase E,ARS,2026-05-08,1.0,2154.371,0.44,12.348,43.45
Consultatio Diamante Plus - Clase F,ARS,2026-05-08,1.0,1615.649,0.44,12.348,43.449
Consultatio Liquidez Ley 27260 - Clase A,USD,2026-05-08,1.0,779.553,0.019,0.338,1.892
Consultatio Liquidez Ley 27260 - Clase B,USD,2026-05-08,1.0,734.348,0.011,0.169,1.434
Consultatio Liquidez Ley 27260 - Clase C,USD,2026-05-08,1.0,743.791,0.011,0.169,1.434
Consultatio Liquidez Ley 27260 - Clase D,USD,2026-05-08,1.0,758.475,-0.003,-0.053,1.004
Delta Ahorro Plus - Clase F,ARS,2026-05-08,1.0,0.807,1.001,2.541,-21.422
Delta Ahorro Plus - Clase G,ARS,2026-05-08,1.0,4.205,0.985,2.586,-21.387
Delta Gestion IV - Clase G,ARS,2026-05-08,0.0,0.757,1.068,2.575,-21.31
Delta Gestion XIII - Clase B,USB,2026-05-08,1.0,1007.989,0.138,,
Delta Patrimonio I - Clase F,ARS,2026-05-08,1.0,21.408,1.287,0.075,-8.021
Delta Patrimonio I - Clase G,ARS,2026-05-08,1.0,2.467,0.982,2.578,-21.383
Delta Renta Dólares Plus - Clase A,USD,2026-05-08,2.0,918.075,0.38,1.596,7.699
Delta Renta Dólares Plus - Clase B,USD,2026-05-08,2.0,943.094,0.386,1.721,8.077
Delta Renta Dólares Plus - Clase K Ley N° 27.743,USD,2026-05-08,2.0,1024.536,0.0,0.0,0.524
Delta Renta Dólares Plus - Clase L Ley N° 27.743,USD,2026-05-08,2.0,1000,0.0,0.0,0.0
First Renta Dolares - Clase A,USD,2026-05-08,1.0,1727.009,-0.18,4.273,13.664
First Renta Dolares - Clase B,USD,2026-05-08,1.0,1950.903,-0.173,4.419,14.12
First Renta Dolares - Clase C,USD,2026-05-08,1.0,1000,0.0,0.0,0.0
First Renta Dolares - Clase D,USD,2026-05-08,1.0,1000,0.0,0.0,0.0
First Renta Dolares - Clase E,USD,2026-05-08,1.0,1000,0.0,0.0,0.0
Galileo Ahorro - Clase C,ARS,2026-05-08,1.0,52.114,,,
Galileo Ahorro - Clase D,ARS,2026-05-08,1.0,27.581,,,
IAM Renta Dólares - Clase A,USD,2026-05-08,2.0,1748.246,-0.149,4.947,10.303
IAM Renta Dólares - Clase B,USD,2026-05-08,2.0,1795.803,-0.141,5.113,10.801
IAM Renta Dólares - Clase C,USD,2026-05-08,2.0,1767.492,-0.141,5.113,10.802
IAM Renta Dólares - Clase D,USD,2026-05-08,2.0,1000,0.0,0.0,0.0
IAM Renta Dólares - Clase F Art. 11 Decreto 99/2019 y mod,USD,2026-05-08,2.0,1090.997,0.0,0.0,0.0
IAM Renta Dólares - Clase Ley Nº 27.743,USD,2026-05-08,2.0,1125.483,-0.149,4.947,10.303
IEB Ahorro Plus - Clase D,ARS,2026-05-08,1.0,1000,0.0,0.0,0.0
IEB Ahorro Plus - Clase E,ARS,2026-05-08,1.0,1000,0.0,0.0,0.0
IEB Ahorro Plus - Clase F,ARS,2026-05-08,1.0,1000,0.0,0.0,0.0
IOL Dólar Ahorro Plus - Clase C,USD,2026-05-08,1.0,1083.874,-0.087,2.299,5.5
IOL Dólar Ahorro Plus - Clase D,USD,2026-05-08,1.0,1075.629,-0.089,2.264,5.313
IOL Dólar Ahorro Plus - Clase E,USD,2026-05-08,1.0,1075.625,-0.089,2.264,5.313
IOL Dólar Ahorro Plus - Clase F,USD,2026-05-08,1.0,1094.378,-0.067,2.674,6.523
IOL Dólar Ahorro Plus - Clase Ley N° 27.743,USD,2026-05-08,1.0,1065.199,,,
MAF Ahorro Plus - Clase E,ARS,2026-05-08,1.0,1.35,,,
MAF Ahorro Plus - Clase F,ARS,2026-05-08,1.0,10.807,,,
MAF Pesos Plus - Clase D,ARS,2026-05-08,1.0,1000,,,
MAF Pesos Plus - Clase E,ARS,2026-05-08,1.0,1000,,,
MEGAQM Gestión Dólares 2 - Clase A,USD,2026-05-08,1.0,1000,0.0,0.0,
MEGAQM Gestión Dólares 2 - Clase B,USD,2026-05-08,1.0,1117.317,0.46,1.401,
MEGAQM Renta Dólares - Clase A,USD,2026-05-08,1.0,1046.11,0.097,0.929,3.238
MEGAQM Renta Dólares - Clase B,USD,2026-05-08,1.0,1053.598,0.105,1.071,3.652
MEGAQM Renta Dólares - Clase Ley N° 27.743,USD,2026-05-08,1.0,1032,0.097,0.929,3.2
Parakeet Balanced Fund - Clase A,USD,2026-05-08,2.0,1075.197,0.077,2.996,7.52
Parakeet Balanced Fund - Clase B,USD,2026-05-08,2.0,1078.886,0.087,3.178,7.889
Parakeet Balanced Fund - Clase X Ley N° 27.743,USD,2026-05-08,2.0,1079.044,0.077,2.996,7.904
Parakeet Global - Clase A,USD,2026-05-08,2.0,1057.778,0.223,2.434,7.33
Parakeet Global - Clase B,USD,2026-05-08,2.0,1064.692,0.231,2.597,7.842
Parakeet Global - Clase X Ley N° 27.743,USD,2026-05-08,2.0,1056.486,0.223,2.435,7.331
Parakeet Income - Clase A,USD,2026-05-08,2.0,1140.531,0.071,4.048,10.562
Parakeet Income - Clase B,USD,2026-05-08,2.0,1149.448,0.081,4.231,11.119
Parakeet Income - Clase X Ley N° 27.743,USD,2026-05-08,2.0,1140.518,0.071,4.048,10.562
Parakeet Latam - Clase A,USD,2026-05-08,2.0,1048.884,0.125,1.815,4.888
Parakeet Latam - Clase B,USD,2026-05-08,2.0,1050.58,0.129,1.887,5.058
Parakeet Latam - Clase X Ley N° 27.743,USD,2026-05-08,2.0,1045.335,0.125,1.815,4.534
Pionero Ahorro Dolár Plus - Clase A,USD,2026-05-08,1.0,958.189,0.0,,
Pionero Ahorro Dolár Plus - Clase B,USD,2026-05-08,1.0,1003.582,0.0,0.0,0.358
Pionero Ahorro Dolár Plus - Clase C Ley N° 27.743,USD,2026-05-08,1.0,1110.813,0.542,7.373,14.691
Pionero Ahorro Dólares - Clase A,USD,2026-05-08,2.0,1108.698,-0.573,2.24,7.317
Pionero Ahorro Dólares - Clase B,USD,2026-05-08,2.0,1119.094,-0.571,2.276,7.424
Pionero Ahorro Dólares - Clase C Ley N° 27.743,USD,2026-05-08,2.0,988.201,-0.569,2.313,7.531
Pionero Inversión Dólar - Clase A,USD,2026-05-08,1.0,1000,0.0,,
Pionero Inversión Dólar - Clase B,USD,2026-05-08,1.0,1152.516,-0.184,3.719,7.551
Pionero Inversión Dólar - Clase C Ley N° 27.743,USD,2026-05-08,1.0,1000,0.0,,
Pionero Renta Ahorro Plus - Clase D,ARS,2026-05-08,2.0,1000,0.0,,
SMSV Renta en Dolares - Clase A,USD,2026-05-08,1.0,1345.943,,,
SMSV Renta en Dolares - Clase B,USD,2026-05-08,1.0,1466.584,,,
SMSV Renta en Dolares - Clase C,USD,2026-05-08,1.0,731.65,,,
BAVSA Global Dólar - Clase A,USD,2026-05-08,1.0,1023.737,0.127,,
BAVSA Global Dólar - Clase B,USD,2026-05-08,1.0,1022.718,0.117,,
BAVSA Global Dólar - Clase C,USD,2026-05-08,1.0,1002.113,0.113,,
Bavsa Renta Balanceado Dólares II - Clase A,USD,2026-05-08,1.0,1024.923,0.239,2.497,
Bavsa Renta Balanceado Dólares II - Clase B,USD,2026-05-08,1.0,1024.923,0.239,2.497,
Bavsa Renta Balanceado Dólares II - Clase C,USD,2026-05-08,1.0,1029.275,0.262,2.929,
Bavsa Renta Balanceado Dólares II - Clase D - Ley N° 27.743,USD,2026-05-08,1.0,1000,,,
BAVSA Renta Balanceado Dólares IV - Clase A,USD,2026-05-08,1.0,993.384,-0.079,,
BAVSA Renta Balanceado Dólares IV - Clase B,USD,2026-05-08,1.0,992.854,-0.091,,
BAVSA Renta Balanceado Dólares IV - Clase C,USD,2026-05-08,1.0,992.04,-0.111,,
Consultatio Estrategia I - Clase A,USD,2026-05-08,2.0,995.371,1.249,1.27,
Consultatio Estrategia I - Clase B,USD,2026-05-08,2.0,992.18,1.24,1.096,
Consultatio Estrategia I - Clase C,USD,2026-05-08,2.0,992.397,1.237,1.052,
Consultatio Estrategia I - Clase D,USD,2026-05-08,2.0,995.371,1.249,1.27,
Consultatio Estrategia I - Clase E,USD,2026-05-08,2.0,995.371,1.249,1.27,
Consultatio Estrategia II - Clase A,USD,2026-05-08,2.0,1007,0.067,0.744,
Consultatio Estrategia II - Clase B,USD,2026-05-08,2.0,1006.731,0.067,0.744,
Consultatio Estrategia II - Clase C,USD,2026-05-08,2.0,1012.068,0.083,1.032,
Consultatio Estrategia II - Clase D,USD,2026-05-08,2.0,1009.564,0.071,0.814,
Consultatio Estrategia II - Clase E,USD,2026-05-08,2.0,1012.068,0.083,1.032,
Consultatio Estrategia III - Clase A,USD,2026-05-08,2.0,1150.402,2.009,6.61,
Consultatio Estrategia III - Clase B,USD,2026-05-08,2.0,1147,1.977,6.546,
Consultatio Estrategia III - Clase C,USD,2026-05-08,2.0,1151.285,1.987,6.732,
Consultatio Estrategia III - Clase D,USD,2026-05-08,2.0,1156.721,2.009,7.151,
Consultatio Estrategia III - Clase E,USD,2026-05-08,2.0,1154.351,1.997,6.92,
Consultatio Estrategia IV - Clase A,USD,2026-05-08,2.0,965.426,0.303,4.271,
Consultatio Estrategia IV - Clase B,USD,2026-05-08,2.0,964.05,0.298,4.13,
Consultatio Estrategia IV - Clase C,USD,2026-05-08,2.0,964.234,0.297,4.143,
Consultatio Estrategia IV - Clase D,USD,2026-05-08,2.0,965.426,0.303,4.271,
Consultatio Estrategia IV - Clase E,USD,2026-05-08,2.0,965.426,0.303,4.271,
Consultatio Estrategia V - Clase A,USD,2026-05-08,2.0,886.044,-0.364,-4.221,
Consultatio Estrategia V - Clase B,USD,2026-05-08,2.0,886.045,-0.364,-4.221,
Consultatio Estrategia V - Clase C,USD,2026-05-08,2.0,886.044,-0.364,-4.221,
Consultatio Estrategia V - Clase D,USD,2026-05-08,2.0,886.044,-0.364,-4.221,
Consultatio Estrategia V - Clase E,USD,2026-05-08,2.0,886.044,-0.364,-4.221,
Delta Federal I - Clase F,ARS,2026-05-08,1.0,497.284,0.994,2.579,-6.897
Delta Federal I - Clase G,ARS,2026-05-08,1.0,53.555,0.996,2.58,-21.377
Delta Gestion IX - Clase G,ARS,2026-05-08,1.0,2.379,1.019,2.587,-21.355
Delta Gestion IX - Clase J,ARS,2026-05-08,1.0,2.379,1.019,2.587,-21.381
Delta Moneda - Clase F,ARS,2026-05-08,1.0,371.564,0.994,2.579,-12.42
Delta Moneda - Clase G,ARS,2026-05-08,1.0,69.654,0.995,2.58,-21.377
Delta Renta - Clase F,ARS,2026-05-08,1.0,945.31,0.994,2.579,-12.109
Delta Renta - Clase G,ARS,2026-05-08,1.0,101.465,0.994,2.579,-21.377
Delta Renta Dolares - Clase A,USD,2026-05-08,2.0,1350.529,1.279,-0.524,-1.735
Delta Renta Dolares - Clase B,USD,2026-05-08,2.0,1383.008,1.284,-0.437,-1.489
Delta Renta Dolares - Clase D,USD,2026-05-08,2.0,2146.869,1.371,0.674,0.754
Delta Renta Dolares - Clase E,USD,2026-05-08,2.0,1078.693,1.376,0.763,1.007
Delta Renta Dolares - Clase K Ley Nº 27.743,USD,2026-05-08,2.0,1311.244,1.37,0.672,0.751
Delta Renta Dolares - Clase L Ley Nº 27.743,USD,2026-05-08,2.0,1185.589,0.091,0.846,-8.742
Gainvest Estrategia IV - Clase A,USD,2026-05-08,1.0,1000,0.0,0.0,0.0
Gainvest Estrategia IV - Clase B,USD,2026-05-08,1.0,114.687,-0.271,1.241,3.982
IEB Estratégico - Clase A,USD,2026-05-08,1.0,1174.651,0.587,3.814,9.756
IEB Estratégico - Clase B,USD,2026-05-08,1.0,1172.897,0.582,3.789,9.872
IEB Estratégico - Clase Ley N° 27.743,USD,2026-05-08,1.0,1118.126,0.453,1.958,7.794
Novus Ahorro Dólares - Clase A,USD,2026-05-08,1.0,1029.185,-0.438,1.93,2.919
Novus Ahorro Dólares - Clase B,USD,2026-05-08,1.0,1030.059,-0.436,1.966,3.006
Novus Ahorro Dólares - Clase C,USD,2026-05-08,1.0,1000,0.0,0.0,0.0
Novus Capital - Clase A,USD,2026-05-08,1.0,1241.844,0.125,3.861,11.896
Novus Capital - Clase B,USD,2026-05-08,1.0,1241.875,0.125,3.861,11.895
Novus Capital - Clase C,USD,2026-05-08,1.0,1000,0.0,0.0,0.0
Novus Capital - Clase D Ley N° 27.743,USD,2026-05-08,1.0,1240.613,0.125,3.861,11.896
Novus Income Dólares - Clase A,USD,2026-05-08,1.0,1000,0.0,0.0,
Novus Income Dólares - Clase B,USD,2026-05-08,1.0,1000,0.0,0.0,
Novus Income Dólares - Clase C,USD,2026-05-08,1.0,1000,0.0,0.0,
Novus Income Dólares - Clase D Ley N° 27.743,USD,2026-05-08,1.0,1000,0.0,0.0,
Novus Renta Dólar - Clase A,USD,2026-05-08,1.0,1326.837,1.646,5.059,17.195
Novus Renta Dólar - Clase B,USD,2026-05-08,1.0,1317.545,1.646,5.632,17.834
Novus Renta Dólar - Clase C,USD,2026-05-08,1.0,1025.541,0.0,0.0,-8.91
Novus Renta Dólar - Clase D Ley N° 27.743,USD,2026-05-08,1.0,1277.722,1.647,5.636,17.84
Pellegrini Renta Dólares - Clase A,USD,2026-05-08,1.0,2321.62,1.639,4.219,10.262
Pellegrini Renta Dólares - Clase B,USD,2026-05-08,1.0,2345.279,1.641,4.274,10.428
Pellegrini Renta Dólares - Clase C,USD,2026-05-08,1.0,2364.636,1.643,4.311,10.538
Pellegrini Renta Dólares - Clase R Ley N° 27.743,USD,2026-05-08,1.0,1489.176,1.639,4.219,10.262
Superfondo Estrategico - Clase K Ley N° 27.743,USB,2026-05-08,2.0,1541.774,0.105,4.219,7.984
1810 Renta Dólar - Clase A,USD,2026-05-08,1.0,1013.262,0.086,,
Allaria Dólar Global - Clase A,USD,2026-05-08,1.0,1350.67,2.181,2.938,4.722
Allaria Dólar Global - Clase B,USD,2026-05-08,1.0,1360.035,2.186,3.017,4.93
Allaria Dólar Global - Clase C,USD,2026-05-08,1.0,1375.701,2.188,3.064,5.143
Allaria Dólar Global - Clase D Art. 11 Decreto 99/2019 y mod,USD,2026-05-08,1.0,2550.194,2.185,2.998,4.955
Allaria Dólar Global - Clase Ley Nº 27.743,USD,2026-05-08,1.0,1348.468,,,
Allaria Unicred Dólares - Clase A,USD,2026-05-08,1.0,1146.238,0.093,2.497,6.465
Allaria Unicred Dólares - Clase B,USD,2026-05-08,1.0,1146.175,0.093,2.497,6.459
Allaria Unicred Dólares - Clase C,USD,2026-05-08,1.0,1000,0.0,0.0,0.0
Allaria Unicred Dólares - Clase Ley N° 27.743,USD,2026-05-08,1.0,1103.222,,,
Alpha Renta Capital Dólar - Clase A,USD,2026-05-08,1.0,2447.36,2.011,4.773,16.508
Alpha Renta Capital Dólar - Clase B,USD,2026-05-08,1.0,2186.729,1.989,4.331,14.892
Alpha Renta Capital Dólar - Clase C,USD,2026-05-08,1.0,2208.456,1.987,4.332,15.118
Alpha Renta Capital Dólar - Clase D,USD,2026-05-08,1.0,1000,0.0,0.0,0.0
Alpha Renta Capital Dólar - Clase H,USD,2026-05-08,1.0,1033.018,1.981,3.302,3.302
Alpha Renta Capital Dólar - Clase I,USD,2026-05-08,1.0,1000,0.0,0.0,0.0
Alpha Renta Capital Dólar - Clase Q Ley N° 27.743,USD,2026-05-08,1.0,1481.396,1.981,4.223,14.773
Alpha Renta Cobertura - Clase R Art. 11 Decreto 99/2019 y mod,ARS,2026-05-08,1.0,0.701,1.154,3.852,-19.333
Balanz Capital Estrategia I USD - Clase A,USD,2026-05-08,1.0,1155.156,0.005,2.224,6.442
Balanz Capital Estrategia I USD - Clase B,USD,2026-05-08,1.0,1154.948,0.005,2.224,6.442
Balanz Capital Estrategia I USD - Clase C,USD,2026-05-08,1.0,1001.498,0.005,0.15,0.15
Balanz Capital Estrategia I USD - Clase D,USD,2026-05-08,1.0,1000,0.0,0.0,0.0
Balanz Capital Estrategia I USD - Clase L Ley Nº 27.743,USD,2026-05-08,1.0,1094.881,0.005,2.225,6.443
Balanz Capital Estrategia II USD - Clase A,USD,2026-05-08,1.0,1000,0.0,0.0,0.0
Balanz Capital Estrategia II USD - Clase B,USD,2026-05-08,1.0,1000,0.0,0.0,0.0
Balanz Capital Estrategia II USD - Clase C,USD,2026-05-08,1.0,1166.822,0.074,5.549,11.438
Balanz Capital Estrategia II USD - Clase D,USD,2026-05-08,1.0,1000,0.0,0.0,0.0
Balanz Capital Estrategia II USD - Clase E,USD,2026-05-08,1.0,1000,0.0,0.0,0.0
Balanz Capital Estrategia II USD - Clase F,USD,2026-05-08,1.0,1000,0.0,0.0,0.0
Balanz Capital Estrategia II USD - Clase L Ley Nº 27.743,USD,2026-05-08,1.0,1000,0.0,0.0,0.0
Balanz Capital Estrategia III USD - Clase A,USD,2026-05-08,1.0,1069.705,0.131,1.956,7.687
Balanz Capital Estrategia III USD - Clase B,USD,2026-05-08,1.0,1097.546,0.137,2.068,8.518
Balanz Capital Estrategia III USD - Clase C,USD,2026-05-08,1.0,1000,0.0,0.0,0.0
Balanz Capital Estrategia III USD - Clase D,USD,2026-05-08,1.0,1000,0.0,0.0,0.0
Balanz Capital Estrategia III USD - Clase E,USD,2026-05-08,1.0,1000,0.0,0.0,0.0
Balanz Capital Estrategia III USD - Clase F,USD,2026-05-08,1.0,1000,0.0,0.0,0.0
Balanz Capital Estrategia III USD - Clase L Ley N° 27.743,USD,2026-05-08,1.0,1072.713,0.0,1.621,7.333
Balanz Capital Estrategia IV USD - Clase A,USD,2026-05-08,1.0,1000,0.0,0.0,0.0
Balanz Capital Estrategia IV USD - Clase B,USD,2026-05-08,1.0,1000,0.0,0.0,0.0
Balanz Capital Estrategia IV USD - Clase C,USD,2026-05-08,1.0,1000,0.0,0.0,0.0
Balanz Capital Estrategia IV USD - Clase D,USD,2026-05-08,1.0,1000,0.0,0.0,0.0
Balanz Capital Estrategia IV USD - Clase E,USD,2026-05-08,1.0,1000,0.0,0.0,0.0
Balanz Capital Estrategia IV USD - Clase F,USD,2026-05-08,1.0,1047.533,0.02,1.118,3.857
Balanz Capital Estrategia V USD - Clase A,USD,2026-05-08,1.0,1000,0.0,0.0,
Balanz Capital Estrategia V USD - Clase B,USD,2026-05-08,1.0,1000,0.0,0.0,
Balanz Capital Estrategia V USD - Clase C,USD,2026-05-08,1.0,1062.857,-0.007,6.286,
Balanz Capital Estrategia V USD - Clase D,USD,2026-05-08,1.0,1000,0.0,0.0,
Balanz Capital Estrategia V USD - Clase E,USD,2026-05-08,1.0,1062.854,-0.007,6.285,
Balanz Capital Estrategia V USD - Clase F,USD,2026-05-08,1.0,1000,0.0,0.0,
Balanz Capital Estrategia VI USD - Clase A,USD,2026-05-08,1.0,1000,0.0,,
Balanz Capital Estrategia VI USD - Clase B,USD,2026-05-08,1.0,1000,0.0,,
Balanz Capital Estrategia VI USD - Clase C,USD,2026-05-08,1.0,1000,0.0,,
Balanz Capital Estrategia VI USD - Clase D,USD,2026-05-08,1.0,1000,0.0,,
Balanz Capital Estrategia VI USD - Clase E,USD,2026-05-08,1.0,1000,0.0,,
Balanz Capital Estrategia VI USD - Clase F,USD,2026-05-08,1.0,999.98,-0.002,,
Balanz Performance XIII - Clase E,ARS,2026-05-08,1.0,1000,0.0,0.0,0.0
Cocos Dólares Plus - Clase A,USD,2026-05-08,1.0,1054.99,0.001,1.29,5.424
Cocos Dólares Plus - Clase B,USD,2026-05-08,1.0,1064.578,0.001,1.29,5.423
Cocos Dólares Plus - Clase Ley N° 27.743,USD,2026-05-08,1.0,1050.643,0.006,1.38,5.064
Dracma Estrategia Dólar - Clase A,USD,2026-05-08,1.0,1073.6,0.0,0.0,5.162
Dracma Estrategia Dólar - Clase B,USD,2026-05-08,1.0,1000,0.0,0.0,0.0
Dracma Estrategia Dólar - Clase E Ley N° 27.743,USD,2026-05-08,1.0,1113.2,0.072,2.665,9.094
Galileo Ahorro Plus - Clase C,ARS,2026-05-08,1.0,12.155,,,
Galileo Ahorro Plus - Clase D,ARS,2026-05-08,1.0,12.155,,,
MAF Renta - Clase D,ARS,2026-05-08,2.0,1000,,,
MAF Renta - Clase E,ARS,2026-05-08,2.0,1000,,,
Pionero Dólar Gestión - Clase A,USD,2026-05-08,1.0,1000,0.0,0.0,
Pionero Dólar Gestión - Clase B,USD,2026-05-08,1.0,1016.166,-0.256,1.617,
Pionero Dólar Gestión - Clase C Ley N° 27.743,USD,2026-05-08,1.0,1000,0.0,0.0,
Pionero Renta Dólar Estrategia - Clase A,USD,2026-05-08,2.0,1263.552,-0.34,2.013,5.828
Pionero Renta Dólar Estrategia - Clase B,USD,2026-05-08,2.0,1282.03,-0.332,2.156,6.253
Pionero Renta Dólar Estrategia - Clase C Ley Nº 27.743,USD,2026-05-08,2.0,1081.39,-0.324,2.3,6.679
Premier Renta Mixta en Dólares - Clase A,USD,2026-05-08,1.0,1062.62,-0.16,3.755,9.333
Premier Renta Mixta en Dólares - Clase B,USD,2026-05-08,1.0,1032.991,-0.166,3.646,9.005
Premier Renta Mixta en Dólares - Clase C,USD,2026-05-08,1.0,836.647,0.0,0.0,0.0
Premier Renta Mixta en Dólares - Clase Ley N° 27.743,USD,2026-05-08,1.0,1097.487,-0.166,3.646,9.004
SBS Dólar Plus Ley 27260 - Clase B,USD,2026-05-08,1.0,899.173,0.048,0.81,2.749
SBS Dólar Plus Ley 27260 - Clase C,USD,2026-05-08,1.0,898.317,0.042,0.798,2.738
SBS Dólar Plus Ley 27260 - Clase Ley N° 27.743,USD,2026-05-08,1.0,1019.802,0.0,0.0,0.966
1822 Raices Dólares Plus - Clase A,USD,2026-05-08,1.0,1294.719,0.553,3.827,9.231
1822 Raices Dólares Plus - Clase B Art. 11 Decreto 99/2019 y mod,USD,2026-05-08,1.0,833.272,,,
1822 Raices Dólares Plus - Clase B Ley N° 27.743,USD,2026-05-08,1.0,1055.031,0.553,3.827,9.23
1822 Raices Renta en Dolares - Clase A,USD,2026-05-08,1.0,1005.059,-0.035,,
Adcap Cima Ahorro - Clase C,ARS,2026-05-08,2.0,1924.508,1.129,12.786,61.145
Adcap Divisas I - Clase D,USD,2026-05-08,1.0,1000,,,
Adcap Divisas I - Clase E,USD,2026-05-08,1.0,1000,,,
Adcap Divisas I - Clase F,USD,2026-05-08,1.0,1000,,,
Adcap Patrimonio I - Clase D,USD,2026-05-08,1.0,1000.695,0.018,,
Adcap Patrimonio I - Clase E,USD,2026-05-08,1.0,1000.351,0.015,,
Adcap Patrimonio I - Clase F,USD,2026-05-08,1.0,1000.695,0.018,,
Allaria Dolar Crecimiento - Clase A,USD,2026-05-08,1.0,1050.859,0.395,2.582,5.896
Allaria Dolar Crecimiento - Clase B,USD,2026-05-08,1.0,465.287,0.397,2.618,6.274
Allaria Dolar Crecimiento - Clase C,USD,2026-05-08,1.0,1000,0.0,0.0,0.0
Allaria Dolar Crecimiento - Clase D,USD,2026-05-08,1.0,1000,0.0,0.0,0.0
Allaria Dolar Crecimiento - Clase Ley Nº 27.743,USD,2026-05-08,1.0,1041.63,,,
Allaria Dólar Dinámico  - Clase A,USD,2026-05-08,1.0,1203.501,0.038,2.455,8.315
Allaria Dólar Dinámico - Clase B,USD,2026-05-08,1.0,1211.452,0.043,2.544,8.586
Allaria Dólar Dinámico - Clase C,USD,2026-05-08,1.0,1000,0.0,0.0,0.0
Allaria Dólar Dinámico - Clase Ley Nº 27.743,USD,2026-05-08,1.0,1107.295,,,
Allaria Dólar Gestión - Clase A,USD,2026-05-08,1.0,1010.254,0.0,0.0,
Allaria Dólar Gestión - Clase B,USD,2026-05-08,1.0,992.22,0.192,-2.119,
Allaria Dólar Gestión - Clase C,USD,2026-05-08,1.0,1000,0.0,0.0,
Allaria Dólar Gestión - Clase D,USD,2026-05-08,1.0,1000,0.0,0.0,
Allaria Dólar Gestión - Clase Ley N° 27.743,USD,2026-05-08,1.0,1026.376,,,
Allaria Dólar Performance - Clase A,USD,2026-05-08,1.0,1000,0.0,0.0,
Allaria Dólar Performance - Clase B,USD,2026-05-08,1.0,1000,0.0,0.0,
Allaria Dólar Performance - Clase C,USD,2026-05-08,1.0,1000,0.0,0.0,
Allaria Dólar Renta Internacional - Clase A,USD,2026-05-08,1.0,999.708,0.07,,
Allaria Dólar Renta Internacional - Clase B,USD,2026-05-08,1.0,999.91,0.07,,
Allaria Dólar Renta Internacional - Clase C,USD,2026-05-08,1.0,1000,0.0,,
Allaria Dólar Renta Internacional - Clase D,USD,2026-05-08,1.0,1000,0.0,,
Alpha Renta Capital - Clase R Art. 11 Decreto 99/2019 y mod,ARS,2026-05-08,1.0,0.701,1.154,3.852,-19.333
Argenfunds Renta Argentina - Clase C,ARS,2026-05-08,1.0,1.672,1.088,3.786,-19.383
Argenfunds Renta Argentina - Clase D,ARS,2026-05-08,1.0,3.366,1.081,3.825,-19.377
Argenfunds Renta Argentina - Clase E,ARS,2026-05-08,1.0,0.701,1.154,3.852,-19.333
Argenfunds Renta Argentina - Clase F,ARS,2026-05-08,1.0,0.701,1.154,3.852,-19.333
Argenfunds Renta Balanceada - Clase C,ARS,2026-05-08,1.0,0.935,1.081,3.774,-19.397
Argenfunds Renta Balanceada - Clase D,ARS,2026-05-08,1.0,0.935,1.081,3.774,-19.397
Argenfunds Renta Crecimiento - Clase A,USD,2026-05-08,1.0,885.327,0.0,0.0,0.0
Argenfunds Renta Crecimiento - Clase B,USD,2026-05-08,1.0,1936.779,0.296,5.028,145.961
Argenfunds Renta Crecimiento - Clase C,USD,2026-05-08,1.0,1000,0.0,0.0,0.0
Argenfunds Renta Crecimiento - Clase D,USD,2026-05-08,1.0,1187.02,0.0,0.0,0.0
Argenfunds Renta Dinamica - Clase C,ARS,2026-05-08,1.0,0.931,1.086,3.906,-19.324
Argenfunds Renta Dinamica - Clase D,ARS,2026-05-08,1.0,0.931,1.086,3.906,-19.324
Argenfunds Renta Global - Clase C,ARS,2026-05-08,1.0,1.019,1.091,3.768,-19.383
Argenfunds Renta Global - Clase D,ARS,2026-05-08,1.0,0.96,1.159,3.896,-19.395
Argenfunds Renta Mixta - Clase C,ARS,2026-05-08,0.0,0.98,-0.407,4.255,-19.474
Argenfunds Renta Mixta - Clase D,ARS,2026-05-08,0.0,1.748,-0.342,4.234,-19.484
Argenfunds Renta Pesos - Clase C,ARS,2026-05-08,1.0,2345.57,0.0,0.0,0.0
Argenfunds Renta Pesos - Clase D,ARS,2026-05-08,1.0,2345.57,0.0,0.0,0.0
Argenfunds Renta Total - Clase C,ARS,2026-05-08,1.0,0.978,1.033,3.822,-19.44
Argenfunds Renta Total - Clase D,ARS,2026-05-08,1.0,0.978,1.033,3.822,-19.44
Argenfunds Renta Total - Clase E,ARS,2026-05-08,1.0,0.701,1.154,3.852,-19.333
Argenfunds Renta Total - Clase F,ARS,2026-05-08,1.0,1.428,1.062,3.779,-19.368
Balanz Ahorro en Dólares - Clase A,USD,2026-05-08,1.0,1410.278,0.092,4.458,10.208
Balanz Ahorro en Dólares - Clase B,USD,2026-05-08,1.0,1587.735,0.099,4.585,10.594
Balanz Ahorro en Dólares - Clase C,USD,2026-05-08,1.0,1447.161,0.1,4.62,10.701
Balanz Ahorro en Dólares - Clase D,USD,2026-05-08,1.0,1000,0.0,0.0,0.0
Balanz Ahorro en Dólares - Clase E,USD,2026-05-08,1.0,1561.404,0.092,4.451,10.194
Balanz Ahorro en Dólares - Clase F,USD,2026-05-08,1.0,1003.398,0.0,0.0,0.0
Balanz Ahorro en Dólares - Clase G,USD,2026-05-08,1.0,1000,0.0,0.0,0.0
Balanz Ahorro en Dólares - Clase H Art. 11 Decreto 99/2019 y mod,USD,2026-05-08,1.0,1025.021,0.0,0.0,0.0
Balanz Ahorro en Dólares - Clase L Ley Nº 27.743,USD,2026-05-08,1.0,1139.729,0.092,4.458,10.207
Balanz Performance III - Clase E,ARS,2026-05-08,1.0,1000,0.0,0.0,0.0
Balanz Performance III - Clase F,ARS,2026-05-08,1.0,1000,0.0,0.0,0.0
BAVSA Renta Dólares - Clase A,USD,2026-05-08,1.0,1044.025,0.009,4.021,
BAVSA Renta Dólares - Clase B,USD,2026-05-08,1.0,1189.676,0.009,4.019,9.524
BAVSA Renta Dólares - Clase C,USD,2026-05-08,1.0,1000,0.0,0.0,0.0
BAVSA Renta Dólares - Clase D Ley Nº 27.743,USD,2026-05-08,1.0,1077.671,,,
Bull Market Ahorro Dólares - Clase A,USD,2026-05-08,1.0,1060.678,0.113,3.244,6.461
Bull Market Ahorro Dólares - Clase B,USD,2026-05-08,1.0,1060.677,0.113,3.244,6.461
Champaquí Renta Dólar - Clase A,USD,2026-05-08,1.0,1175.641,0.162,4.038,9.564
Champaquí Renta Dólar - Clase B,USD,2026-05-08,1.0,1179.701,0.166,4.111,9.784
Champaquí Renta Dólar - Clase E Ley N° 27.743,USD,2026-05-08,1.0,1113.345,0.162,4.038,9.564
Champaquí Renta Dólar - Clase F Ley N° 27.743,USD,2026-05-08,1.0,1120.842,0.166,4.11,9.783
Compass Opportunity - Clase D,ARS,2026-05-08,2.0,299.989,1.345,12.317,7.68
Compass Opportunity - Clase E,ARS,2026-05-08,2.0,16.858,0.994,2.58,-21.379
Compass Opportunity - Clase F,ARS,2026-05-08,2.0,409.063,1.408,13.774,11.771
Consultatio Gestion III - Clase G,USD,2026-05-08,1.0,1040.278,0.075,0.916,3.17
Consultatio Gestion III - Clase H,USD,2026-05-08,1.0,1040.278,0.075,0.916,3.17
Consultatio Gestion III - Clase I,USD,2026-05-08,1.0,1007.104,0.051,0.487,1.924
Consultatio Income Fund - Clase A,USD,2026-05-08,2.0,1259.277,0.055,1.319,5.232
Consultatio Income Fund - Clase B,USD,2026-05-08,2.0,1281.195,0.057,1.355,5.38
Consultatio Income Fund - Clase Z Ley N° 27.743,USD,2026-05-08,2.0,1077.623,0.076,1.688,5.685
Consultatio Multimercado III - Clase Z Ley N° 27.743,USB,2026-05-08,2.0,1194.385,-0.128,5.206,15.119
Consultatio Multimercado V - Clase Z Ley N° 27.743,USB,2026-05-08,2.0,1320.745,1.185,6.452,23.496
Crecer Capital Dolares - Clase A,USD,2026-05-08,1.0,1016.64,-0.058,,
Crecer Capital Dolares - Clase B,USD,2026-05-08,1.0,1017.072,-0.053,,
Crecer Renta Dólar - Clase A,USD,2026-05-08,1.0,1151.062,0.973,5.35,15.477
Crecer Renta Dólar - Clase B,USD,2026-05-08,1.0,1154.76,0.979,5.465,15.837
Dracma Estrategia Dólar I - Clase A,USD,2026-05-08,2.0,1136.8,0.176,1.964,7.55
Dracma Estrategia Dólar I - Clase B,USD,2026-05-08,2.0,1136.8,0.176,1.964,7.55
Dracma Estrategia Dólar I - Clase C,USD,2026-05-08,2.0,1000,0.0,0.0,0.0
Dracma Estrategia Dólar I - Clase D,USD,2026-05-08,2.0,1000,0.0,0.0,0.0
Dracma Estrategia Dólar I - Clase E Ley N° 27.743,USD,2026-05-08,2.0,1095.3,0.165,1.775,6.879
Fundcorp Long Performance Plus - Clase A,USD,2026-05-08,1.0,646.159,0.031,1.129,2.69
Fundcorp Long Performance Plus - Clase B,USD,2026-05-08,1.0,496.1,0.033,1.164,2.792
Fundcorp Long Performance Plus - Clase C,USD,2026-05-08,1.0,668.732,0.033,1.163,2.792
Fundcorp Long Performance Plus - Clase D Ley N° 27.743,USD,2026-05-08,1.0,1037.185,0.033,1.163,2.792
Fundcorp Performance Plus - Clase A,USD,2026-05-08,1.0,457.471,0.046,1.668,3.273
Fundcorp Performance Plus - Clase B,USD,2026-05-08,1.0,457.792,0.046,1.667,3.272
Fundcorp Performance Plus - Clase C,USD,2026-05-08,1.0,456.249,0.046,1.667,3.274
Fundcorp Performance Plus - Clase D Ley N° 27.743,USD,2026-05-08,1.0,1046.856,0.0,1.489,3.092
Gainvest Regional - Clase D,ARS,2026-05-08,1.0,1000,0.0,0.0,0.0
Gainvest Regional - Clase E,ARS,2026-05-08,1.0,1000,0.0,0.0,0.0
Gainvest Regional - Clase F,ARS,2026-05-08,1.0,1000,0.0,0.0,0.0
Galileo Estrategia - Clase C,ARS,2026-05-08,1.0,37.776,0.38,20.057,12.402
Galileo Estrategia - Clase D,ARS,2026-05-08,1.0,0.725,-0.412,4.167,-16.475
Galileo Premium - Clase C,ARS,2026-05-08,1.0,26.604,,,
Galileo Premium - Clase D,ARS,2026-05-08,1.0,27.421,,,
Galileo Renta - Clase C,ARS,2026-05-08,1.0,1000,,,
Galileo Renta - Clase D,ARS,2026-05-08,1.0,1000,,,
IAM Estrategia - Clase A,USD,2026-05-08,2.0,454.58,0.0,0.0,0.0
IAM Estrategia - Clase B,USD,2026-05-08,2.0,555.52,0.135,1.9,2.969
IAM Estrategia - Clase C,USD,2026-05-08,2.0,829.065,0.0,0.0,0.0
IAM Estrategia - Clase D,USD,2026-05-08,2.0,1000,0.0,0.0,0.0
Intervalores Ahorro - Clase E,ARS,2026-05-08,1.0,10.722,,,
Intervalores Ahorro - Clase F,ARS,2026-05-08,1.0,10.722,,,
Intervalores Ahorro - Clase G,ARS,2026-05-08,1.0,10.722,,,
Intervalores Ahorro - Clase H,ARS,2026-05-08,1.0,10.722,,,
Intervalores Dólar Total Return - Clase A,USD,2026-05-08,1.0,1101.569,0.329,2.802,8.051
Intervalores Dólar Total Return - Clase B,USD,2026-05-08,1.0,1105.202,0.334,2.892,8.321
Intervalores Dólar Total Return - Clase C,USD,2026-05-08,1.0,1000,0.0,0.0,0.0
Intervalores Dólar Total Return - Clase D,USD,2026-05-08,1.0,1000,0.0,0.0,0.0
Intervalores Dólar Total Return - Clase E,USD,2026-05-08,1.0,10.722,,,
Intervalores Dólar Total Return - Clase F,USD,2026-05-08,1.0,10.722,,,
Intervalores Dólar Total Return - Clase G,USD,2026-05-08,1.0,10.722,,,
Intervalores Dólar Total Return - Clase H,USD,2026-05-08,1.0,10.722,,,
MAF Renta Argentina - Clase D,ARS,2026-05-08,2.0,47.629,1.087,3.814,-19.033
MAF Renta Argentina - Clase E,ARS,2026-05-08,2.0,1000,,,
MAF Renta Argentina 2 - Clase D,ARS,2026-05-08,3.0,52.445,1.085,3.814,-19.033
MAF Renta Argentina 2 - Clase E,ARS,2026-05-08,3.0,50.716,0.994,2.579,-21.378
MEGAQM Ahorro Dólares - Clase A,USD,2026-05-08,2.0,2727.534,1.026,3.696,15.975
MEGAQM Ahorro Dólares - Clase B,USD,2026-05-08,2.0,73.481,1.031,3.804,16.323
MEGAQM Ahorro Dólares - Clase Ley N° 27.743,USD,2026-05-08,2.0,1495.018,0.0,0.666,12.587
MEGAQM Corporativo Dólares - Clase A,USD,2026-05-08,2.0,1252.052,-0.353,3.53,9.21
MEGAQM Corporativo Dólares - Clase B,USD,2026-05-08,2.0,1289.642,-0.345,3.675,9.649
MEGAQM Corporativo Dólares - Clase Ley N° 27.743,USD,2026-05-08,2.0,1119.125,-0.353,3.53,9.21
MEGAQM Gestión Dólares I - Clase A,USD,2026-05-08,1.0,1098.828,0.0,0.0,0.0
MEGAQM Gestión Dólares I - Clase B,USD,2026-05-08,1.0,1482.707,0.393,4.1,9.88
MEGAQM Gestión Dólares I - Clase C,USD,2026-05-08,1.0,1000,0.0,0.0,0.0
MEGAQM Latam Corporativo - Clase A,USD,2026-05-08,3.0,1056.282,0.097,1.074,4.208
MEGAQM Latam Corporativo - Clase B,USD,2026-05-08,3.0,1150.36,0.108,1.27,4.784
MEGAQM Latam Corporativo - Clase Ley N° 27.743,USD,2026-05-08,3.0,1060.305,0.097,1.074,4.209
Numancia Dólares - Clase A,USD,2026-05-08,2.0,798.642,,,
Numancia Dólares - Clase B,USD,2026-05-08,2.0,459.805,,,
Numancia Dólares - Clase C,USD,2026-05-08,2.0,244409.841,,,
Parakeet Balanced Fund II - Clase A,USD,2026-05-08,2.0,1052.487,0.174,4.454,
Parakeet Balanced Fund II - Clase B,USD,2026-05-08,2.0,1056.626,0.188,4.73,
Parakeet Balanced Fund II - Clase X Ley N° 27.743,USD,2026-05-08,2.0,1000,0.0,0.0,
Parakeet Balanced Fund III - Clase A,USD,2026-05-08,1.0,1000,0.0,,
Parakeet Balanced Fund III - Clase B,USD,2026-05-08,1.0,1000,0.0,,
Parakeet Dólar Estructurado - Clase A,USD,2026-05-08,2.0,1033.517,0.059,,
Parakeet Dólar Estructurado - Clase B,USD,2026-05-08,2.0,1036.264,0.059,,
Parakeet Dólar Estructurado - Clase C,USD,2026-05-08,2.0,1000,0.0,,
Parakeet Global Opportunities Fund - Clase A,USD,2026-05-08,2.0,1083.567,3.075,,
Parakeet Global Opportunities Fund - Clase B,USD,2026-05-08,2.0,1083.6,3.076,,
Parakeet Global Opportunities Fund II - Clase A,USD,2026-05-08,2.0,1002.9,0.15,,
Parakeet Global Opportunities Fund II - Clase B,USD,2026-05-08,2.0,1002.9,0.15,,
Parakeet Global Opportunities Fund II - Clase C,USD,2026-05-08,2.0,1000,0.0,,
Parakeet Global Opportunities Fund II - Clase D,USD,2026-05-08,2.0,1000,0.0,,
Pionero Dólar Mix - Clase A,USD,2026-05-08,1.0,1000,0.0,,
Pionero Dólar Mix - Clase B,USD,2026-05-08,1.0,998.865,-0.27,,
Pionero Dólar Mix - Clase C Ley N° 27.743,USD,2026-05-08,1.0,1000,0.0,,
Pionero Dólar Mix - Clase D,USD,2026-05-08,1.0,1000,0.0,,
Pionero Dólar Mix - Clase E,USD,2026-05-08,1.0,999.907,-0.27,,
Pionero Performance II - Clase D,ARS,2026-05-08,2.0,499.551,-0.66,4.946,-13.79
Pionero Renta Dólares - Clase A,USD,2026-05-08,2.0,1211.423,0.045,0.781,2.634
Pionero Renta Dólares - Clase B,USD,2026-05-08,2.0,1232.69,0.048,0.852,2.841
Pionero Renta Dólares - Clase C Ley Nº 27.743,USD,2026-05-08,2.0,1032.522,0.047,0.817,2.737
Pionero Renta Dólares Plus - Clase A,USD,2026-05-08,2.0,2017.45,1.319,3.099,21.03
Pionero Renta Dólares Plus - Clase B,USD,2026-05-08,2.0,2052.477,1.324,3.208,21.394
Pionero Renta Dólares Plus - Clase C Art. 11 Decreto 99/2019 y mod,USD,2026-05-08,2.0,1561.357,0.0,0.0,-6.339
Pionero Renta Dólares Plus - Clase D Ley Nº 27.743,USD,2026-05-08,2.0,1356.383,0.0,2.003,0.684
Premier Performance Dólares - Clase A,USD,2026-05-08,1.0,1807.02,1.576,5.197,20.068
Premier Performance Dólares - Clase B,USD,2026-05-08,1.0,1777.184,1.572,5.125,19.83
Premier Performance Dólares - Clase C,USD,2026-05-08,1.0,1000,0.0,0.0,0.0
Premier Performance Dólares - Clase Ley Nº 27.743,USD,2026-05-08,1.0,1505.132,1.572,5.125,19.83
Superfondo Renta $ - Clase K,ARS,2026-05-08,2.0,31959.343,1.038,18.721,52.941
Toronto Trust Crecimiento - Clase A,USD,2026-05-08,1.0,200.902,1.904,4.721,23.989
Toronto Trust Crecimiento - Clase B,USD,2026-05-08,1.0,209.093,1.926,5.123,25.354
Toronto Trust Crecimiento - Clase C,USD,2026-05-08,1.0,203.945,1.914,4.903,24.612
Toronto Trust Crecimiento - Clase Ley N° 27.743,USD,2026-05-08,1.0,1672.251,1.904,4.719,23.986
Ualintec Renta Dólares - Clase A,USD,2026-05-08,1.0,1185.692,0.492,5.337,13.976
Ualintec Renta Dólares - Clase B,USD,2026-05-08,1.0,1000,0.0,0.0,0.0
Ualintec Renta Dólares - Clase C,USD,2026-05-08,1.0,1193.8,0.51,5.701,14.619
Adcap Renta Dólar - Clase C,USD,2026-05-08,3.0,1453.325,-0.024,3.921,9.467
Adcap Renta Dólar - Clase D,USD,2026-05-08,3.0,1334.812,-0.051,3.397,7.9
Adcap Renta Dólar - Clase E,USD,2026-05-08,3.0,1359.325,-0.045,3.506,8.224
Adcap Renta Dólar - Clase F,USD,2026-05-08,3.0,1393.945,-0.051,3.397,7.9
Adcap Renta Dólar - Clase Ley Nº 27.743,USD,2026-05-08,3.0,1131.191,-0.051,3.398,124848.315
Allaria Dólar Latam - Clase A,USD,2026-05-08,1.0,1280.866,0.178,1.56,7.726
Allaria Dólar Latam - Clase B,USD,2026-05-08,1.0,1304.066,0.18,1.595,7.817
Allaria Dólar Latam - Clase C,USD,2026-05-08,1.0,1281.555,0.183,1.667,8.034
Allaria Dólar Latam - Clase Ley Nº 27.743,USD,2026-05-08,1.0,1082.414,,,
Gainvest Estrategia I - Clase A,USD,2026-05-08,1.0,1202.034,0.0,-1.065,2.728
Gainvest Estrategia I - Clase B,USD,2026-05-08,1.0,1211.059,0.585,-0.231,3.64
Galileo Income - Clase A,USD,2026-05-08,2.0,1232.26,0.046,0.712,3.385
Galileo Income - Clase B,USD,2026-05-08,2.0,1248.512,0.051,0.799,3.644
Galileo Income - Clase C Ley N°27.743,USD,2026-05-08,2.0,1056.206,0.046,0.712,3.385
Galileo Income - Clase D Ley N°27.743,USD,2026-05-08,2.0,1058.938,0.051,0.799,3.644
MAF Global,USD,2026-05-08,2.0,1193.694,0.139,1.481,6.193
MAF Global -  Clase RAP Ley N° 27.743,USD,2026-05-08,2.0,1064.082,0.0,0.806,5.487
CMA Dólar Dinamico - Clase A,USD,2026-05-08,1.0,1055.111,-0.006,2.375,
CMA Dólar Dinamico - Clase B,USD,2026-05-08,1.0,1049.961,-0.003,2.447,
CMA Dólar Dinamico - Clase D,USD,2026-05-08,1.0,1028.895,-0.006,2.376,
CMA Dólar Dinamico - Clase E,USD,2026-05-08,1.0,1044.293,-0.003,2.447,
Gainvest Global I - Clase A,USD,2026-05-08,1.0,1157.453,0.047,1.04,3.148
Gainvest Global I - Clase B,USD,2026-05-08,1.0,1194.442,0.055,1.181,3.561
Toronto Trust Liquidez Dólar - Clase  Ley N° 27.743,USD,2026-05-08,2.0,1049.361,0.0,0.027,2.988
Toronto Trust Liquidez Dólar - Clase A,USD,2026-05-08,2.0,1232.388,0.133,1.01,3.992
Toronto Trust Liquidez Dólar - Clase B,USD,2026-05-08,2.0,1211.483,0.139,1.116,4.305
Toronto Trust Liquidez Dólar - Clase C,USD,2026-05-08,2.0,1064.998,0.0,0.0,0.854
Schroder Income - Clase A,USD,2026-05-08,2.0,1139.828,0.081,0.477,2.506
Schroder Income - Clase B,USD,2026-05-08,2.0,1196.98,0.101,0.847,3.589
Schroder Income - Clase C,USD,2026-05-08,2.0,1000,0.0,0.0,0.0
Schroder Income - Clase D,USD,2026-05-08,2.0,1000,0.0,0.0,0.0
Schroder Income - Clase E,USD,2026-05-08,2.0,1188.128,0.114,1.095,4.317
Schroder Income - Clase F Ley N° 27.743,USD,2026-05-08,2.0,1038.253,0.081,0.476,2.506
SBS Latam - Clase A,USD,2026-05-08,2.0,1371.814,0.149,3.864,6.08
SBS Latam - Clase B,USD,2026-05-08,2.0,1446.467,0.159,4.046,6.612
SBS Latam - Clase Ley N° 27.743,USD,2026-05-08,2.0,1117.118,0.149,3.863,6.08
Balanz Capital Sudamericano - Clase A,USD,2026-05-08,2.0,1059.102,0.039,0.696,3.252
Balanz Capital Sudamericano - Clase B,USD,2026-05-08,2.0,1189.884,0.044,0.784,3.512
Balanz Capital Sudamericano - Clase C,USD,2026-05-08,2.0,1000,0.0,0.0,0.0
Balanz Capital Sudamericano - Clase D,USD,2026-05-08,2.0,1000,0.0,0.0,0.0
Balanz Capital Sudamericano - Clase E,USD,2026-05-08,2.0,1245.559,0.042,0.734,3.357
Balanz Capital Sudamericano - Clase F,USD,2026-05-08,2.0,1000,0.0,0.0,0.0
Balanz Capital Sudamericano - Clase G,USD,2026-05-08,2.0,1000,0.0,0.0,0.0
Balanz Capital Sudamericano - Clase L Ley Nº 27.743,USD,2026-05-08,2.0,1050.1,0.0,0.488,3.039
CMA Renta Dólar - Clase A,USD,2026-05-08,1.0,77.731,-0.03,3.315,8.531
CMA Renta Dólar - Clase B,USD,2026-05-08,1.0,82.723,-0.025,3.405,8.809
CMA Renta Dólar - Clase C,USD,2026-05-08,1.0,1012.448,-0.012,3.647,9.541
CMA Renta Dólar - Clase F,USD,2026-05-08,1.0,998.399,-0.03,,
CMA Renta Dólar - Clase G,USD,2026-05-08,1.0,1000,0.0,,
CMA Renta Dólar - Clase H,USD,2026-05-08,1.0,1000,0.0,,
CMA Renta Dólar - Clase Ley N° 27.743,USD,2026-05-08,1.0,1129.804,-0.03,3.315,8.537
Galileo Fixed Income - Clase A,USD,2026-05-08,2.0,1219.79,0.238,1.357,4.996
Galileo Fixed Income - Clase B,USD,2026-05-08,2.0,1276.133,0.25,1.598,5.694
IAM Performance Americas - Clase A,USD,2026-05-08,3.0,1294.431,0.057,0.99,4.43
IAM Performance Americas - Clase B,USD,2026-05-08,3.0,1300.671,0.057,0.99,4.431
IAM Performance Americas - Clase C,USD,2026-05-08,3.0,1300.641,0.057,0.99,4.431
IAM Performance Americas - Clase D,USD,2026-05-08,3.0,1017.732,0.0,0.0,0.0
IAM Performance Americas - Clase E,USD,2026-05-08,3.0,1198.195,0.154,1.971,7.589
IAM Performance Americas - Clase F,USD,2026-05-08,3.0,1198.208,0.154,1.972,7.589
IAM Performance Americas - Clase G,USD,2026-05-08,3.0,1198.444,0.154,1.972,7.59
IAM Performance Americas - Clase Ley N° 27.743,USD,2026-05-08,3.0,1073.199,0.0,0.503,3.927
Consultatio Multimercado IX - Clase A,USB,2026-05-08,1.0,983.025,-0.459,,
Consultatio Multimercado IX - Clase B,USB,2026-05-08,1.0,983.025,-0.459,,
Consultatio Multimercado IX - Clase C,USB,2026-05-08,1.0,983.025,-0.459,,
Delta Gestion IV - Clase I,ARS,2026-05-08,0.0,0.739,1.094,3.792,-19.411
Delta Gestion XIII - Clase A,USB,2026-05-08,1.0,1007.537,0.133,,
Delta Patrimonio I - Clase I,ARS,2026-05-08,1.0,12.504,1.395,1.461,-5.215
Delta Renta Dólares Plus - Clase D,USD,2026-05-08,2.0,1123.098,0.47,2.819,10.426
Delta Renta Dólares Plus - Clase E,USD,2026-05-08,2.0,1039.13,0.091,1.204,2.533
Pionero Ahorro Dolár Plus - Clase D,USD,2026-05-08,1.0,1002.512,0.542,,
Pionero Ahorro Dolár Plus - Clase E,USD,2026-05-08,1.0,1003.582,0.0,,
Pionero Ahorro Dólares - Clase G,USD,2026-05-08,2.0,1107.661,-0.57,,
Pionero Ahorro Dólares - Clase H,USD,2026-05-08,2.0,1117.196,-0.571,,
Pionero Inversión Dólar - Clase D,USD,2026-05-08,1.0,1000,0.0,,
Pionero Inversión Dólar - Clase E,USD,2026-05-08,1.0,1152.517,-0.184,,
Delta Gestion IX - Clase I,ARS,2026-05-08,1.0,2.012,1.106,3.818,-19.359
Novus Ahorro Dólares - Clase D Ley N° 27.743,USD,2026-05-08,1.0,1019.593,-0.438,1.93,
Superfondo Estrategico - Clase A,USB,2026-05-08,2.0,468.589,0.105,4.22,7.986
Superfondo Estrategico - Clase B,USB,2026-05-08,2.0,493.96,0.111,4.331,8.313
Superfondo Estrategico - Clase C,USB,2026-05-08,2.0,514.217,0.124,4.579,9.047
Superfondo Estrategico - Clase D,USB,2026-05-08,2.0,514.217,0.124,4.579,9.047
Superfondo Estrategico - Clase E,USB,2026-05-08,2.0,514.217,0.124,4.579,9.047
Superfondo Estrategico - Clase F,USB,2026-05-08,2.0,514.217,0.124,4.579,9.047
Superfondo Estrategico - Clase H,USB,2026-05-08,2.0,1536.169,0.105,4.22,7.987
Superfondo Estrategico - Clase I,USB,2026-05-08,2.0,1545.123,0.111,4.33,8.312
Superfondo Estrategico - Clase M Art. 11 Decreto 99/2019 y mod,USB,2026-05-08,2.0,1552.022,0.105,4.221,7.987
Superfondo Estrategico - Clase N Ley N° 27.743,USB,2026-05-08,2.0,1653.217,0.124,4.578,9.047
Alpha Renta Capital Dólar - Clase J,USD,2026-05-08,1.0,1125.86,0.0,0.0,0.0
Alpha Renta Capital Dólar - Clase K,USD,2026-05-08,1.0,3415.551,1.989,4.33,14.898
Pionero Dólar Gestión - Clase D,USD,2026-05-08,1.0,1000,0.0,,
Pionero Dólar Gestión - Clase E,USD,2026-05-08,1.0,1009.249,0.0,,
Pionero Renta Dólar Estrategia - Clase D,USD,2026-05-08,2.0,1247.769,0.0,,
Pionero Renta Dólar Estrategia - Clase E,USD,2026-05-08,2.0,1281.081,-0.332,,
Consultatio Gestion Xl Dolar - Clase A,USB,2026-05-08,1.0,1231.774,0.865,,
Consultatio Gestion Xl Dolar - Clase B,USB,2026-05-08,1.0,2219.919,0.852,,
Consultatio Gestion Xl Dolar - Clase C,USB,2026-05-08,1.0,1224.295,0.852,,
Consultatio Multimercado III - Clase A,USB,2026-05-08,2.0,1520.665,-0.161,4.612,14.273
Consultatio Multimercado III - Clase B,USB,2026-05-08,2.0,1549.614,-0.159,4.649,14.51
Consultatio Multimercado III - Clase C,USB,2026-05-08,2.0,1644.82,-0.149,4.824,15.105
Consultatio Multimercado IV - Clase A,USB,2026-05-08,3.0,1548.066,1.212,6.173,18.123
Consultatio Multimercado IV - Clase B,USB,2026-05-08,3.0,1464.777,1.173,5.425,15.767
Consultatio Multimercado IV - Clase C,USB,2026-05-08,3.0,1548.066,1.212,6.173,18.123
Consultatio Multimercado V - Clase A,USB,2026-05-08,2.0,1310.798,1.156,6.443,22.679
Consultatio Multimercado V - Clase B,USB,2026-05-08,2.0,1314.882,1.16,5.783,22.952
Consultatio Multimercado V - Clase C,USB,2026-05-08,2.0,1340.951,1.185,6.486,24.595
Pionero Renta Dólares - Clase D,USD,2026-05-08,2.0,1207.569,0.0,,
Pionero Renta Dólares - Clase E,USD,2026-05-08,2.0,1231.349,0.0,,
Argenfunds Estrategia III - Clase A,USB,2026-05-08,1.0,1002.26,-0.144,,
Argenfunds Estrategia III - Clase B,USB,2026-05-08,1.0,1003.773,-0.144,,
Argenfunds Inversión Dólares - Clase A,USB,2026-05-08,1.0,1109.714,0.0,3.162,9.96
Argenfunds Inversión Dólares - Clase B,USB,2026-05-08,1.0,989.32,0.006,-6.758,-1.197
Superfondo Renta Global - Clase A,USB,2026-05-08,5.0,2000,,,
Superfondo Renta Global - Clase B,USB,2026-05-08,5.0,2000,,,
Superfondo Renta Global - Clase C,USB,2026-05-08,5.0,2000,,,
Superfondo Renta Global - Clase D,USB,2026-05-08,5.0,2000,,,
Superfondo Renta Global - Clase E,USB,2026-05-08,5.0,2000,,,
Superfondo Renta Global - Clase F,USB,2026-05-08,5.0,2000,,,
Consultatio Multimercado X - Clase A,USB,2026-05-08,1.0,983.02,-0.459,,
Consultatio Multimercado X - Clase B,USB,2026-05-08,1.0,983.02,-0.459,,
Consultatio Multimercado X - Clase C,USB,2026-05-08,1.0,983.02,-0.459,,
Renta Mixta Peso Argentina,,2026-05-08,,,,,
Adcap Balanceado III - Clase A,ARS,2026-05-08,2.0,4563.054,0.702,12.543,62.414
Adcap Balanceado III - Clase B,ARS,2026-05-08,2.0,4562.008,0.701,12.543,62.414
Adcap Balanceado III - Clase Ley Nº 27.743,ARS,2026-05-08,2.0,1975.623,,,
Adcap Balanceado XII - Clase A,ARS,2026-05-08,2.0,9262.901,2.584,3.618,31.283
Adcap Balanceado XII - Clase B,ARS,2026-05-08,2.0,9563.714,2.604,3.983,32.605
Adcap Balanceado XII - Clase C,ARS,2026-05-08,2.0,8170.783,,,
Adcap Balanceado XII - Clase Ley Nº 27.743,ARS,2026-05-08,2.0,1381.319,,,
Adcap Balanceado XXVI - Clase A,ARS,2026-05-08,2.0,6196.708,0.93,8.473,72.014
Adcap Balanceado XXVI - Clase B,ARS,2026-05-08,2.0,6197.761,0.93,8.473,72.014
Adcap Balanceado XXVI - Clase C,ARS,2026-05-08,2.0,4321.065,,,
Adcap Balanceado XXVI - Clase Ley Nº 27.743,ARS,2026-05-08,2.0,1771.707,,,
Allaria Gestión V - Clase A,ARS,2026-05-08,1.0,1331.894,-1.322,4.389,50.171
Allaria Gestión V - Clase B,ARS,2026-05-08,1.0,1331.816,-1.322,4.389,50.171
Allaria Gestión V - Clase C,ARS,2026-05-08,1.0,1000,0.0,0.0,0.0
Alpha Retorno Total - Clase A,ARS,2026-05-08,1.0,32989509.743,0.25,2.054,31.676
Alpha Retorno Total - Clase B,ARS,2026-05-08,1.0,45526084.783,0.208,1.269,28.81
Alpha Retorno Total - Clase C,ARS,2026-05-08,1.0,189.759,1.086,3.814,-19.386
Alpha Retorno Total - Clase D,ARS,2026-05-08,1.0,28888.418,1.296,5.132,3.838
Alpha Retorno Total - Clase I,ARS,2026-05-08,1.0,188.623,1.086,3.814,-19.386
Alpha Retorno Total - Clase J,ARS,2026-05-08,1.0,1304.072,0.0,0.0,4.405
Alpha Retorno Total - Clase K,ARS,2026-05-08,1.0,23656.494,0.208,1.271,28.815
Axis Estrategia 1 - Clase A,ARS,2026-05-08,1.0,1000,0.0,0.0,0.0
Axis Estrategia 1 - Clase B,ARS,2026-05-08,1.0,7951.261,-0.618,-1.912,16.853
Axis Estrategia 22 - Clase A,ARS,2026-05-08,1.0,1000,0.0,0.0,0.0
Axis Estrategia 22 - Clase B,ARS,2026-05-08,1.0,1830.964,0.478,13.1,44.697
Axis Estrategia 23 - Clase A,ARS,2026-05-08,1.0,1258.08,0.0,0.507,5.469
Axis Estrategia 23 - Clase B,ARS,2026-05-08,1.0,1383.431,0.657,9.057,15.994
Axis Estrategia 24 - Clase A,ARS,2026-05-08,1.0,3424.16,,,
Axis Estrategia 24 - Clase B,ARS,2026-05-08,1.0,1198.002,,,
Axis Estrategia 25 - Clase A,ARS,2026-05-08,1.0,1334.529,1.205,6.393,15.349
Axis Estrategia 25 - Clase B,ARS,2026-05-08,1.0,935.516,1.205,6.393,-6.448
Axis Estrategia 8 - Clase A,ARS,2026-05-08,1.0,2130.873,0.243,6.506,42.215
Axis Estrategia 8 - Clase B,ARS,2026-05-08,1.0,3597.876,0.253,6.694,42.93
Benedit Multiestrategia - Clase A,ARS,2026-05-08,1.0,1220.346,-1.463,-0.601,23.335
Benedit Multiestrategia - Clase B,ARS,2026-05-08,1.0,1223.849,-1.458,-0.514,23.645
Benedit Multiestrategia - Clase F,ARS,2026-05-08,1.0,1000,0.0,,
Benedit Multiestrategia - Clase X Ley N° 27.743,ARS,2026-05-08,1.0,1155.827,-1.463,-0.601,15.583
Benedit Multiestrategia - Clase Y Ley N° 27.743,ARS,2026-05-08,1.0,1000,0.0,0.0,0.0
Compass Renta Mixta III	- Clase A,ARS,2026-05-08,0.0,1277.943,0.314,10.122,
Compass Renta Mixta III	- Clase B,ARS,2026-05-08,0.0,1282.362,0.321,10.292,
Compass Renta Mixta III	- Clase C,ARS,2026-05-08,0.0,1303.916,0.356,11.094,
Compass Renta Mixta III	- Clase H Ley N° 27.743,ARS,2026-05-08,0.0,1285.102,0.282,9.829,
Compass Renta Mixta III	- Clase I Ley N° 27.743,ARS,2026-05-08,0.0,1285.768,0.321,10.293,
Consultatio Renta Pesos - Clase A,ARS,2026-05-08,1.0,27028.553,0.457,10.973,49.839
Consultatio Renta Pesos - Clase B,ARS,2026-05-08,1.0,11940.299,0.0,-74.127,-64.998
Consultatio Renta Pesos - Clase C,ARS,2026-05-08,1.0,1709.444,0.502,11.879,53.351
Consultatio Renta Pesos - Clase D,ARS,2026-05-08,1.0,111702.908,0.484,11.52,51.954
Consultatio Retorno Total - Clase A,ARS,2026-05-08,1.0,70178.815,1.046,15.854,46.853
Consultatio Retorno Total - Clase B,ARS,2026-05-08,1.0,76113.61,1.05,15.935,47.147
Consultatio Retorno Total - Clase C,ARS,2026-05-08,1.0,12480.393,1.097,16.922,50.748
Consultatio Retorno Total - Clase D,ARS,2026-05-08,1.0,57144.978,1.058,16.098,47.738
Gainvest Global II - Clase A,ARS,2026-05-08,1.0,26128.09,0.567,10.009,43.103
Gainvest Global II - Clase B,ARS,2026-05-08,1.0,26199.405,0.567,10.009,43.103
Gainvest Global III - Clase A,ARS,2026-05-08,1.0,12987.704,0.0,0.0,0.0
Gainvest Global III - Clase B,ARS,2026-05-08,1.0,1280.007,-24.702,-76.0,-83.573
GSS I - Clase A,ARS,2026-05-08,1.0,281500.877,0.486,11.373,42.183
GSS I - Clase B,ARS,2026-05-08,1.0,258180.475,0.477,11.196,41.536
Lombard Pesos Plus,ARS,2026-05-08,1.0,11636.125,0.856,5.369,40.114
SBS Patrimonio III - Clase A,ARS,2026-05-08,0.0,1000,0.0,0.0,0.0
SBS Patrimonio III - Clase B,ARS,2026-05-08,0.0,1627.756,0.876,16.2,48.664
Wise Capital Saving - Clase A,ARS,2026-05-08,0.0,1527.479,0.518,12.27,34.829
Wise Capital Saving - Clase B,ARS,2026-05-08,0.0,1544.682,0.519,12.27,36.227
Wise Capital Saving - Clase C,ARS,2026-05-08,0.0,1444.378,0.519,12.271,35.654
Wise Capital Saving - Clase D,ARS,2026-05-08,0.0,1017.165,0.0,0.0,1.717
Wise Capital Saving - Clase H,ARS,2026-05-08,0.0,1000,0.0,0.0,
Wise Capital Saving - Clase J Ley N° 27.743,ARS,2026-05-08,0.0,1282.581,0.0,1.704,21.652
Zofingen Multi Strategy II - Clase A,ARS,2026-05-08,5.0,1000,0.0,0.0,
Zofingen Multi Strategy II - Clase B,ARS,2026-05-08,5.0,1201.276,0.764,0.672,
Argenfunds Retorno Absoluto - Clase B,ARS,2026-05-08,1.0,25812.19,-0.456,10.343,18.473
BAVSA Global II - Clase A,ARS,2026-05-08,1.0,1000,0.0,0.0,0.0
BAVSA Global II - Clase B,ARS,2026-05-08,1.0,1000,0.0,0.0,0.0
BAVSA Global II - Clase C,ARS,2026-05-08,1.0,1000,0.0,0.0,0.0
BAVSA Global II - Clase D,ARS,2026-05-08,1.0,1000,0.0,0.0,0.0
BAVSA Global II - Clase E,ARS,2026-05-08,1.0,1427.522,1.131,17.492,43.354
BAVSA Renta Balanceado - Clase A,ARS,2026-05-08,1.0,1007.92,0.105,0.89,
BAVSA Renta Balanceado - Clase B,ARS,2026-05-08,1.0,1144.452,0.105,-1.721,
BAVSA Renta Balanceado - Clase C,ARS,2026-05-08,1.0,1000,0.0,0.0,
BAVSA Renta Balanceado - Clase D,ARS,2026-05-08,1.0,1000,0.0,0.0,
BAVSA Renta Balanceado - Clase J,ARS,2026-05-08,1.0,1000,,,
BAVSA Renta Balanceado III - Clase A,ARS,2026-05-08,1.0,1000,0.0,0.0,
BAVSA Renta Balanceado III - Clase B,ARS,2026-05-08,1.0,1270.299,0.904,17.934,
BAVSA Retorno Total - Clase A,ARS,2026-05-08,1.0,1086.961,0.561,8.696,8.696
BAVSA Retorno Total - Clase B,ARS,2026-05-08,1.0,1149.061,0.561,8.804,9.273
BAVSA Retorno Total - Clase C,ARS,2026-05-08,1.0,1000,0.0,0.0,0.0
BAVSA Retorno Total - Clase D,ARS,2026-05-08,1.0,1005.486,0.561,0.549,0.549
BAVSA Retorno Total - Clase E,ARS,2026-05-08,1.0,1000,,,
BAVSA Retorno Total - Clase F,ARS,2026-05-08,1.0,1000,,,
Compass Renta Plus II - Clase A,ARS,2026-05-08,1.0,10436.339,0.48,5.37,29.173
Compass Renta Plus II - Clase B,ARS,2026-05-08,1.0,8790.556,0.428,4.256,25.258
Compass Renta Plus II - Clase C,ARS,2026-05-08,1.0,10436.339,0.48,5.37,29.173
Delta Gestion V - Clase B,ARS,2026-05-08,1.0,88095.309,0.698,13.274,35.514
Delta Gestion VII - Clase B,ARS,2026-05-08,1.0,132720.548,0.41,2.902,33.416
Delta Multimercado I - Clase A,ARS,2026-05-08,1.0,884561.842,0.53,9.828,27.41
Delta Multimercado I - Clase B,ARS,2026-05-08,1.0,988259.25,0.539,10.021,28.049
Delta Multimercado I - Clase K Ley Nº 27.743,ARS,2026-05-08,1.0,1290.786,0.0,0.0,0.0
Delta Multimercado I - Clase L Ley Nº 27.743,ARS,2026-05-08,1.0,1455.548,0.0,0.851,17.377
Dracma Balanceado - Clase A,ARS,2026-05-08,1.0,128155.111,0.31,2.507,41.288
Dracma Balanceado - Clase B,ARS,2026-05-08,1.0,132767.95,0.32,2.687,41.998
Gainvest Balanceado - Clase A,ARS,2026-05-08,1.0,571341.766,0.478,18.339,46.007
Gainvest Balanceado - Clase B,ARS,2026-05-08,1.0,571343.303,0.478,18.339,46.007
Gainvest Balanceado - Clase C,ARS,2026-05-08,1.0,1000,0.0,0.0,0.0
Gainvest Balanceado - Clase Ley N° 27.743,ARS,2026-05-08,1.0,1530.22,0.0,0.383,23.969
Gainvest Crecimiento - Clase A,ARS,2026-05-08,1.0,22775.268,0.443,11.174,37.168
Gainvest Crecimiento - Clase B,ARS,2026-05-08,1.0,40190.417,0.443,11.174,37.168
IEB Estructurado - Clase A,ARS,2026-05-08,1.0,1000,0.0,0.0,0.0
IEB Estructurado - Clase B,ARS,2026-05-08,1.0,1834.246,-0.161,12.454,41.667
IEB Estructurado - Clase Ley N° 27.743,ARS,2026-05-08,1.0,1000,0.0,0.0,0.0
IEB Estructurado II - Clase A,ARS,2026-05-08,1.0,1000,0.0,0.0,0.0
IEB Estructurado II - Clase B,ARS,2026-05-08,1.0,1373.4,-0.421,0.667,27.32
IEB Estructurado II - Clase Ley N° 27.743,ARS,2026-05-08,1.0,1000,0.0,0.0,0.0
IEB Estructurado III - Clase A,ARS,2026-05-08,1.0,1095.09,0.0,0.0,9.509
IEB Estructurado III - Clase B,ARS,2026-05-08,1.0,1640.186,0.765,13.67,33.171
IEB Estructurado III - Clase Ley N°27.743,ARS,2026-05-08,1.0,1000,0.0,0.0,0.0
IEB Estructurado IV - Clase A,ARS,2026-05-08,1.0,1084.07,0.0,0.0,1.739
IEB Estructurado IV - Clase B,ARS,2026-05-08,1.0,1479.152,0.912,17.71,36.774
IEB Estructurado IV - Clase X Ley N° 27.743,ARS,2026-05-08,1.0,1000,0.0,0.0,0.0
Mabra BAVSA Pesos Plus - Clase A,ARS,2026-05-08,1.0,1249.848,0.533,11.735,
Mabra BAVSA Pesos Plus - Clase B,ARS,2026-05-08,1.0,1251.085,0.533,11.735,
Mabra BAVSA Pesos Plus - Clase C,ARS,2026-05-08,1.0,1000,0.0,0.0,
Mabra BAVSA Pesos Plus - Clase D,ARS,2026-05-08,1.0,1000,0.0,0.0,
Mabra BAVSA Pesos Plus - Clase E - Ley Nº 27.743,ARS,2026-05-08,1.0,1000,,,
MAF Renta Balanceada - Clase U,ARS,2026-05-08,2.0,197126.582,0.851,7.329,47.777
MAF Renta Mixta,ARS,2026-05-08,2.0,195782.423,0.669,2.678,32.845
Novus Balanceado - Clase A,ARS,2026-05-08,1.0,1754.948,-0.005,9.977,32.185
Novus Balanceado - Clase B,ARS,2026-05-08,1.0,1785.633,-0.005,9.977,32.183
Novus Balanceado - Clase C,ARS,2026-05-08,1.0,3599.491,0.0,0.0,0.0
Novus Balanceado - Clase D,ARS,2026-05-08,1.0,6569.175,0.0,0.0,0.0
Novus Balanceado - Clase E,ARS,2026-05-08,1.0,1342.42,0.03,10.674,33.771
Novus Balanceado - Clase F,ARS,2026-05-08,1.0,1037.525,0.0,0.0,0.0
Novus Balanceado - Clase G,ARS,2026-05-08,1.0,1000,0.0,0.0,0.0
Novus Balanceado - Clase H,ARS,2026-05-08,1.0,1000,0.0,0.0,0.0
Novus Gestion - Clase A,ARS,2026-05-08,2.0,1000,0.0,0.0,0.0
Novus Gestion - Clase B,ARS,2026-05-08,2.0,1852.15,1.216,15.712,46.014
Novus Gestion - Clase C,ARS,2026-05-08,2.0,990.534,0.0,0.0,0.0
Novus Gestion - Clase D,ARS,2026-05-08,2.0,1071.85,0.0,0.0,0.0
Novus Gestion - Clase E,ARS,2026-05-08,2.0,1555.444,0.0,0.0,6.189
Novus Gestion - Clase F,ARS,2026-05-08,2.0,2135.409,1.216,15.713,46.013
Novus Gestion - Clase G,ARS,2026-05-08,2.0,1000,0.0,0.0,0.0
Novus Gestion - Clase H,ARS,2026-05-08,2.0,2159.56,1.216,15.712,46.014
Novus Gestion - Clase I Ley N° 27.743,ARS,2026-05-08,2.0,1000,0.0,0.0,0.0
Novus Gestion II - Clase A,ARS,2026-05-08,1.0,1660.773,0.976,14.461,43.216
Novus Gestion II - Clase B,ARS,2026-05-08,1.0,1680.21,0.991,14.783,44.367
Novus Gestion II - Clase C,ARS,2026-05-08,1.0,1000,0.0,0.0,0.0
Novus Multiestrategia - Clase A,ARS,2026-05-08,1.0,1000,0.0,0.0,0.0
Novus Multiestrategia - Clase B,ARS,2026-05-08,1.0,1431.003,-0.315,8.748,28.682
Novus Multiestrategia - Clase C,ARS,2026-05-08,1.0,1083.151,0.0,0.0,0.0
Novus Multiestrategia - Clase D,ARS,2026-05-08,1.0,1515.57,-0.315,8.748,28.681
Novus Multiestrategia - Clase E,ARS,2026-05-08,1.0,1000,0.0,0.0,0.0
Novus Multiestrategia - Clase F,ARS,2026-05-08,1.0,1000,0.0,0.0,0.0
Novus Multiestrategia - Clase G,ARS,2026-05-08,1.0,1000,0.0,0.0,0.0
Novus Multiestrategia - Clase H,ARS,2026-05-08,1.0,1000,0.0,0.0,0.0
Novus Performance - Clase A,ARS,2026-05-08,1.0,2335.75,0.938,13.011,48.544
Novus Performance - Clase B,ARS,2026-05-08,1.0,2353.548,0.944,13.154,49.085
Novus Performance - Clase C,ARS,2026-05-08,1.0,2340.701,0.938,13.011,48.543
Novus Performance - Clase D,ARS,2026-05-08,1.0,2367.065,0.948,13.262,49.493
Novus Performance - Clase E,ARS,2026-05-08,1.0,2146.116,0.938,13.011,48.544
Novus Performance - Clase F,ARS,2026-05-08,1.0,2335.705,0.944,13.155,49.086
Novus Performance - Clase G,ARS,2026-05-08,1.0,2318.149,0.938,13.011,48.544
Novus Performance - Clase H,ARS,2026-05-08,1.0,1449.275,0.0,0.0,-0.691
Novus Performance - Clase I Ley N° 27.743,ARS,2026-05-08,1.0,1164.308,0.938,13.011,16.431
Novus Renta Balanceado - Clase A,ARS,2026-05-08,1.0,1243.955,0.922,6.062,6.062
Novus Renta Balanceado - Clase B,ARS,2026-05-08,1.0,1773.585,0.922,13.115,12.843
Novus Renta Balanceado - Clase C,ARS,2026-05-08,1.0,7925.331,0.922,13.115,41.356
Novus Renta Balanceado - Clase D,ARS,2026-05-08,1.0,14457.505,0.961,13.911,44.212
Novus Renta Balanceado - Clase E,ARS,2026-05-08,1.0,1000,0.0,0.0,0.0
Novus Renta Balanceado - Clase F,ARS,2026-05-08,1.0,1000,0.0,0.0,0.0
Novus Renta Balanceado - Clase G,ARS,2026-05-08,1.0,1000,0.0,0.0,0.0
Novus Renta Balanceado - Clase H,ARS,2026-05-08,1.0,6259.839,0.987,14.452,46.172
Novus Renta Capital - Clase A,ARS,2026-05-08,1.0,1545,0.499,11.638,37.731
Novus Renta Capital - Clase B,ARS,2026-05-08,1.0,1543.777,0.499,11.657,37.668
Novus Renta Capital - Clase C,ARS,2026-05-08,1.0,1382.55,0.0,0.0,23.249
Novus Renta Mixta - Clase A,ARS,2026-05-08,1.0,1863.9,0.446,1.779,28.825
Novus Renta Mixta - Clase B,ARS,2026-05-08,1.0,1517.293,0.0,0.0,0.0
Novus Renta Mixta - Clase C,ARS,2026-05-08,1.0,1877.902,0.0,-0.454,25.999
Novus Renta Mixta - Clase D,ARS,2026-05-08,1.0,1000,0.0,0.0,0.0
Novus Renta Mixta - Clase E,ARS,2026-05-08,1.0,1000,0.0,0.0,0.0
Novus Renta Mixta - Clase F,ARS,2026-05-08,1.0,1000,0.0,0.0,0.0
Novus Renta Mixta - Clase G,ARS,2026-05-08,1.0,1000,0.0,0.0,0.0
Novus Renta Mixta - Clase H,ARS,2026-05-08,1.0,1000,0.0,0.0,0.0
Pellegrini Agro FCI - Clase A,ARS,2026-05-08,1.0,112383.92,-0.1,0.333,45.34
Pellegrini Agro FCI - Clase B,ARS,2026-05-08,1.0,59625.515,-0.091,0.511,46.071
Pionero Multiestrategia Mix - Clase B,ARS,2026-05-08,2.0,1659.723,0.0,0.0,0.0
Pionero Multiestrategia Plus - Clase B,ARS,2026-05-08,2.0,1659.723,0.0,0.0,0.0
SBS Patrimonio IX - Clase A,ARS,2026-05-08,1.0,1000,0.0,0.0,
SBS Patrimonio IX - Clase B,ARS,2026-05-08,1.0,988.125,0.196,-2.304,
SBS Patrimonio V - Clase A,ARS,2026-05-08,1.0,4364.91,0.341,4.395,36.472
SBS Patrimonio V - Clase B,ARS,2026-05-08,1.0,4738.162,0.383,5.199,39.493
SBS Patrimonio V - Clase Ley N° 27.743,ARS,2026-05-08,1.0,1000,0.0,0.0,0.0
SBS Patrimonio VI - Clase A,ARS,2026-05-08,1.0,9595.163,0.715,1.046,32.376
SBS Patrimonio VI - Clase B,ARS,2026-05-08,1.0,10054.923,0.739,1.491,34.043
SBS Patrimonio VI - Clase Ley N° 27.743,ARS,2026-05-08,1.0,1000,0.0,0.0,0.0
SBS Patrimonio VIII - Clase A,ARS,2026-05-08,1.0,1000,0.0,0.0,
SBS Patrimonio VIII - Clase B,ARS,2026-05-08,1.0,1290.397,0.972,14.617,
Schroder Balanceado - Clase A,ARS,2026-05-08,1.0,1000,0.0,0.0,0.0
Schroder Balanceado - Clase B,ARS,2026-05-08,1.0,139964.711,0.674,7.052,28.518
Schroder Balanceado - Clase C,ARS,2026-05-08,1.0,1000,0.0,0.0,0.0
Schroder Multiactivos - Clase A,ARS,2026-05-08,1.0,1000,0.0,0.0,0.0
Schroder Multiactivos - Clase B,ARS,2026-05-08,1.0,149262.083,0.847,16.624,46.316
Schroder Multiactivos - Clase C,ARS,2026-05-08,1.0,1000,0.0,0.0,0.0
Schroder Renta Global Dos - Clase A,ARS,2026-05-08,1.0,515.736,0.0,0.0,0.0
Schroder Renta Global Dos - Clase B,ARS,2026-05-08,1.0,53445.719,0.605,11.375,47.327
Schroder Renta Global Dos - Clase C,ARS,2026-05-08,1.0,515.736,0.0,0.0,0.0
Schroder Retorno Absoluto - Clase A,ARS,2026-05-08,1.0,7491.664,0.0,0.0,0.0
Schroder Retorno Absoluto - Clase B,ARS,2026-05-08,1.0,2848650.846,0.782,16.473,53.896
Schroder Retorno Absoluto - Clase C,ARS,2026-05-08,1.0,7491.664,0.0,0.0,0.0
Superfondo Renta Balance II - Clase B,ARS,2026-05-08,1.0,1087.418,0.454,8.742,
1810 Renta Mixta,ARS,2026-05-08,1.0,25686.995,0.576,12.903,41.326
Adcap Cima Renta Total - Clase A,ARS,2026-05-08,3.0,4790.162,,,
Adcap Cima Renta Total - Clase B,ARS,2026-05-08,3.0,16649.506,,,
Adcap Cima Renta Total - Clase C,ARS,2026-05-08,3.0,84075.438,,,
Allaria Gestion - Clase A,ARS,2026-05-08,1.0,1000,0.0,0.0,0.0
Allaria Gestion - Clase B,ARS,2026-05-08,1.0,26360.497,0.472,5.505,24.661
Allaria Renta Balanceada I - Clase A,ARS,2026-05-08,1.0,6325.643,0.0,0.0,0.0
Allaria Renta Balanceada I - Clase B,ARS,2026-05-08,1.0,191605.805,0.808,13.84,53.459
Alpha Planeamiento Dinamico - Clase A,ARS,2026-05-08,1.0,35437999.826,-0.211,3.009,38.092
Alpha Planeamiento Dinamico - Clase B,ARS,2026-05-08,1.0,48150983.802,-0.211,3.008,38.092
Alpha Planeamiento Dinamico - Clase C,ARS,2026-05-08,1.0,342.515,1.086,3.814,-19.386
Alpha Planeamiento Dinamico - Clase D,ARS,2026-05-08,1.0,34029.332,0.878,7.165,11.781
Alpha Planeamiento Dinamico - Clase I,ARS,2026-05-08,1.0,341.013,1.086,3.814,-19.386
Alpha Planeamiento Dinamico - Clase J,ARS,2026-05-08,1.0,1300.071,0.0,0.0,0.0
Alpha Planeamiento Dinamico - Clase K,ARS,2026-05-08,1.0,5697.095,-0.211,3.009,38.092
Alpha Planeamiento Equilibrado - Clase A,ARS,2026-05-08,1.0,24349008.627,0.18,9.55,44.173
Alpha Planeamiento Equilibrado - Clase B,ARS,2026-05-08,1.0,33770717.822,0.18,9.55,44.173
Alpha Planeamiento Equilibrado - Clase C,ARS,2026-05-08,1.0,328.847,1.086,3.814,-19.386
Alpha Planeamiento Equilibrado - Clase D,ARS,2026-05-08,1.0,22335.151,1.271,13.727,16.336
Alpha Planeamiento Equilibrado - Clase I,ARS,2026-05-08,1.0,327.553,1.086,3.814,-19.386
Alpha Planeamiento Equilibrado - Clase J,ARS,2026-05-08,1.0,1144.345,0.0,0.0,0.0
Alpha Planeamiento Equilibrado - Clase K,ARS,2026-05-08,1.0,4083.424,0.18,9.55,44.173
Argentaria BAVSA Global - Clase B,ARS,2026-05-08,2.0,1960.365,-1.812,-0.05,53.129
Argentaria BAVSA Global - Clase D,ARS,2026-05-08,2.0,1920.587,-1.812,-0.05,53.128
Argentaria BAVSA Global - Clase E,ARS,2026-05-08,2.0,1000,0.0,0.0,0.0
Argentaria BAVSA Global - Clase K Ley Nº 27.743,ARS,2026-05-08,2.0,1000,,,
Argentaria BAVSA Global - Clase L Ley Nº 27.743,ARS,2026-05-08,2.0,1000,,,
Arpenta (ex Mercosur),ARS,2026-05-08,2.0,18158346.789,-0.731,5.932,39.284
Axis Estrategia 17 - Clase A,ARS,2026-05-08,1.0,2548.706,0.125,1.578,50.732
Axis Estrategia 17 - Clase B,ARS,2026-05-08,1.0,2548.706,0.125,1.578,50.732
Axis Estrategia 17 - Clase X Ley N° 27.743,ARS,2026-05-08,1.0,1658.586,0.0,-5.664,39.985
Axis Estrategia 17 - Clase Y Ley N° 27.743,ARS,2026-05-08,1.0,1000,0.0,0.0,0.0
Balanz Retorno Total - Clase A,ARS,2026-05-08,1.0,690480,0.56,6.644,44.48
Balanz Retorno Total - Clase B,ARS,2026-05-08,1.0,712748.814,0.565,6.733,44.828
Balanz Retorno Total - Clase C,ARS,2026-05-08,1.0,23335.893,0.0,0.0,36.388
Balanz Retorno Total - Clase D,ARS,2026-05-08,1.0,1000,0.0,0.0,0.0
Balanz Retorno Total - Clase E,ARS,2026-05-08,1.0,617.807,0.0,0.0,0.0
Balanz Retorno Total - Clase F,ARS,2026-05-08,1.0,1000,0.0,0.0,0.0
Balanz Retorno Total - Clase G,ARS,2026-05-08,1.0,1000,0.0,0.0,0.0
Balanz Retorno Total - Clase L Ley Nº 27.743,ARS,2026-05-08,1.0,1644.067,0.0,0.366,35.974
Compass Renta Mixta - Clase A,ARS,2026-05-08,1.0,121004.411,0.688,12.634,47.778
Compass Renta Mixta - Clase B,ARS,2026-05-08,1.0,118049.04,0.678,12.402,46.905
Compass Renta Mixta - Clase C,ARS,2026-05-08,1.0,123089.705,0.688,12.634,47.778
Compass Renta Plus - Clase A,ARS,2026-05-08,2.0,47317.677,0.879,8.599,39.591
Compass Renta Plus - Clase B,ARS,2026-05-08,2.0,45986.297,0.868,8.359,38.702
Compass Renta Plus - Clase C,ARS,2026-05-08,2.0,48293.368,0.879,8.599,39.591
Consultatio Arbitraje - Clase A,ARS,2026-05-08,2.0,23815.649,-0.364,-5.005,10.451
Consultatio Arbitraje - Clase B,ARS,2026-05-08,2.0,25745.992,-0.364,-4.802,11.227
Consultatio Arbitraje - Clase C,ARS,2026-05-08,2.0,26479.712,-0.349,-4.755,11.282
Consultatio Tactico - Clase A,ARS,2026-05-08,5.0,71214.177,0.335,15.068,38.181
Consultatio Tactico - Clase B,ARS,2026-05-08,5.0,66141.381,0.294,14.217,35.289
Consultatio Tactico - Clase C,ARS,2026-05-08,5.0,61825.2,0.294,14.217,35.29
Dracma Multiestrategia - Clase A,ARS,2026-05-08,1.0,1000,0.0,0.0,0.0
Dracma Multiestrategia - Clase B,ARS,2026-05-08,1.0,2035.9,0.399,2.544,26.595
Dracma Multiestrategia - Clase C,ARS,2026-05-08,1.0,1000,0.0,0.0,0.0
Dracma Multiestrategia - Clase D,ARS,2026-05-08,1.0,1000,0.0,0.0,0.0
Fundcorp Crecimiento - Clase A,ARS,2026-05-08,1.0,3.454,-0.375,,
Fundcorp Crecimiento - Clase B,ARS,2026-05-08,1.0,3.454,-0.375,,
Fundcorp Crecimiento - Clase C,ARS,2026-05-08,1.0,3.455,-0.346,,
GMC Retorno Total III - Clase F,ARS,2026-05-08,1.0,1080.7,0.821,,
GMC Retorno Total IV - Clase B,ARS,2026-05-08,1.0,1015,0.0,,
GMC Retorno Total IV - Clase C,ARS,2026-05-08,1.0,1084.9,0.659,,
GMC Retorno Total VI - Clase C,ARS,2026-05-08,1.0,1000.398,,,
GSS III - Clase A,ARS,2026-05-08,2.0,495174.047,1.232,17.993,48.655
GSS III - Clase B,ARS,2026-05-08,2.0,426400.575,1.223,17.798,47.95
HF Balanceado - Clase C,ARS,2026-05-08,1.0,6627.976,0.069,-0.836,22.127
HF Balanceado - Clase G,ARS,2026-05-08,1.0,82922.695,0.069,-0.837,22.125
HF Balanceado - Clase I,ARS,2026-05-08,1.0,2796.586,0.0,0.0,8.833
IAM Renta Mixta - Clase A,ARS,2026-05-08,2.0,4053.688,1.886,-0.811,17.516
IAM Renta Mixta - Clase B,ARS,2026-05-08,2.0,4487.676,1.925,-0.111,19.899
IAM Renta Mixta - Clase C,ARS,2026-05-08,2.0,4421.357,1.925,-0.111,19.899
IAM Renta Mixta - Clase D,ARS,2026-05-08,2.0,1000,0.0,0.0,0.0
IEB Multiestrategia II - Clase B,ARS,2026-05-08,2.0,23808.7,-1.664,2.205,24.056
IEB Multiestrategia II - Clase Ley N° 27.743,ARS,2026-05-08,2.0,1000,0.0,0.0,0.0
IEB Multiestrategia III - Clase A,ARS,2026-05-08,2.0,1128.687,0.0,0.0,0.0
IEB Multiestrategia III - Clase B,ARS,2026-05-08,2.0,4915.081,-3.236,0.65,0.507
IEB Multiestrategia III - Clase Ley N° 27.743,ARS,2026-05-08,2.0,1000,0.0,0.0,0.0
IEB Multiestrategia IV - Clase A,ARS,2026-05-08,2.0,1543.583,0.0,0.0,0.0
IEB Multiestrategia IV - Clase B,ARS,2026-05-08,2.0,4455.388,0.285,8.39,36.766
IEB Multiestrategia IV - Clase Ley N° 27.743,ARS,2026-05-08,2.0,1000,0.0,0.0,0.0
IEB Multiestrategia V - Clase A,ARS,2026-05-08,2.0,2306.387,0.863,13.604,40.364
IEB Multiestrategia V - Clase B,ARS,2026-05-08,2.0,8491.142,0.872,13.803,41.069
IEB Multiestrategia V - Clase Ley N° 27.743,ARS,2026-05-08,2.0,1688.025,0.863,13.604,40.364
MAF Gestión Activa - Clase A,ARS,2026-05-08,2.0,1000.422,,,
MAF Gestión Activa - Clase B,ARS,2026-05-08,2.0,76731.94,0.483,10.14,39.243
MAF Gestión Activa - Clase C,ARS,2026-05-08,2.0,3892.288,0.0,0.0,0.0
MAF Gestión Activa - Clase D,ARS,2026-05-08,2.0,1000,,,
Pellegrini Integral - Clase A,ARS,2026-05-08,1.0,176700.542,0.671,1.675,31.383
Pellegrini Integral - Clase B,ARS,2026-05-08,1.0,186823.85,0.681,1.856,32.043
Pellegrini Retorno Total - Clase A,ARS,2026-05-08,1.0,19799.536,0.95,14.805,35.159
Pellegrini Retorno Total - Clase B,ARS,2026-05-08,1.0,24621.089,1.0,15.87,38.725
Pionero Horizonte - Clase A,ARS,2026-05-08,1.0,1000,0.0,,
Pionero Horizonte - Clase B,ARS,2026-05-08,1.0,1022.257,0.238,,
Pionero Horizonte - Clase C,ARS,2026-05-08,1.0,1000,0.0,,
Pionero Horizonte - Clase D Ley N° 27.743,ARS,2026-05-08,1.0,1000,0.0,,
Pionero Patrimonio I - Clase A,ARS,2026-05-08,1.0,1975.075,0.421,11.038,37.942
Pionero Patrimonio I - Clase B,ARS,2026-05-08,1.0,1996.736,0.432,11.256,38.705
Pionero Patrimonio I - Clase C Ley N° 27.743,ARS,2026-05-08,1.0,1730.069,0.426,11.147,38.322
Pionero Recovery - Clase A,ARS,2026-05-08,1.0,2697.725,1.616,-6.625,44.691
Pionero Recovery - Clase B,ARS,2026-05-08,1.0,2738.809,1.629,-6.392,45.71
Pionero Recovery - Clase C,ARS,2026-05-08,1.0,1000,0.0,0.0,0.0
Premier Commodities - Clase A,ARS,2026-05-08,1.0,452770.687,-0.484,11.796,76.91
Premier Commodities - Clase B,ARS,2026-05-08,1.0,406226.759,-0.498,11.522,75.676
Premier Commodities - Clase C,ARS,2026-05-08,1.0,1000,0.0,0.0,0.0
Premier Inversion - Clase A,ARS,2026-05-08,1.0,11733.695,0.248,9.565,34.357
Premier Inversion - Clase B,ARS,2026-05-08,1.0,1000,0.0,0.0,0.0
Premier Inversion - Clase C,ARS,2026-05-08,1.0,1000,0.0,0.0,0.0
Premier Renta Mixta - Clase A,ARS,2026-05-08,1.0,66852.547,0.083,1.908,38.346
Premier Renta Mixta - Clase B,ARS,2026-05-08,1.0,51028.743,0.07,1.661,37.39
Premier Renta Mixta - Clase C,ARS,2026-05-08,1.0,5905.999,0.526,1.058,37.778
Probolsa,ARS,2026-05-08,3.0,70657.693,-1.134,12.722,52.576
Quiron Renta Mixta - Clase A,ARS,2026-05-08,1.0,1790.654,0.345,-12.1,26.401
Quiron Renta Mixta - Clase B,ARS,2026-05-08,1.0,1923.103,0.345,-12.1,26.455
Quiron Renta Mixta - Clase C,ARS,2026-05-08,1.0,1000,0.0,0.0,0.0
Quiron Renta Mixta - Clase Ley Nº 27.743,ARS,2026-05-08,1.0,1238.878,0.0,4.112,43.544
SBS Balanceado - Clase A,ARS,2026-05-08,1.0,135192.323,-0.287,5.813,32.562
SBS Balanceado - Clase B,ARS,2026-05-08,1.0,143742.303,-0.267,6.186,33.898
SBS Balanceado - Clase Ley N° 27.743,ARS,2026-05-08,1.0,1000,0.0,0.0,0.0
Schroder Renta Global - Clase A,ARS,2026-05-08,1.0,482.318,0.0,0.0,0.0
Schroder Renta Global - Clase B,ARS,2026-05-08,1.0,51597.025,0.16,5.163,45.017
Schroder Renta Global - Clase C,ARS,2026-05-08,1.0,482.318,0.0,0.0,0.0
SF Value - Clase A,ARS,2026-05-08,1.0,60159.496,-2.172,-0.757,53.106
Toronto Trust Balanceado - Clase A,ARS,2026-05-08,1.0,1307.042,0.333,10.573,
Toronto Trust Balanceado - Clase B,ARS,2026-05-08,1.0,3805.353,0.339,10.69,22.49
Toronto Trust Balanceado - Clase C,ARS,2026-05-08,1.0,1276.16,0.337,10.651,
Wise Capital Focus I - Clase A,ARS,2026-05-08,1.0,1000,0.0,0.0,
Wise Capital Focus I - Clase B,ARS,2026-05-08,1.0,1317.661,0.561,11.942,
Wise Capital Focus II - Clase A,ARS,2026-05-08,1.0,1124.015,0.135,7.761,
Wise Capital Focus II - Clase B,ARS,2026-05-08,1.0,1097.739,0.135,4.915,
Wise Capital Foreign Equity - Clase A,ARS,2026-05-08,1.0,1061.107,0.213,,
Wise Capital Foreign Equity - Clase B,ARS,2026-05-08,1.0,1020.706,0.213,,
Wise Capital Foreign Equity - Clase C,ARS,2026-05-08,1.0,1000,0.0,,
Wise Capital Legacy - Clase A,ARS,2026-05-08,1.0,906.641,1.377,-18.051,
Wise Capital Legacy - Clase B,ARS,2026-05-08,1.0,873.954,1.29,-19.335,
Wise Capital Multistrategy - Clase A,ARS,2026-05-08,1.0,576.585,0.668,-11.229,-16.334
Wise Capital Multistrategy - Clase B,ARS,2026-05-08,1.0,751.742,0.668,-11.229,-16.333
Wise Capital Multistrategy - Clase C,ARS,2026-05-08,1.0,724.479,0.668,-11.229,-16.333
Wise Capital Multistrategy - Clase D,ARS,2026-05-08,1.0,1024.738,0.707,2.474,2.474
Wise Capital Multistrategy - Clase J Ley N° 27.743,ARS,2026-05-08,1.0,823.668,0.0,-0.243,-5.98
Adcap Gestión Estratégica I - Clase A,ARS,2026-05-08,1.0,1079.105,,,
Adcap Gestión Estratégica I - Clase B,ARS,2026-05-08,1.0,3211.716,,,
Adcap Gestión Estratégica I - Clase Ley N° 27.743,ARS,2026-05-08,1.0,1079.105,,,
Allaria Calificado - Clase A,ARS,2026-05-08,1.0,1000,0.0,0.0,
Allaria Calificado - Clase B,ARS,2026-05-08,1.0,974.755,0.178,-2.525,
Allaria Calificado - Clase C,ARS,2026-05-08,1.0,1000,0.0,0.0,
Allaria Calificado - Clase D,ARS,2026-05-08,1.0,1000,0.0,0.0,
Allaria Calificado II - Clase A,ARS,2026-05-08,1.0,1000,0.0,,
Allaria Calificado II - Clase B,ARS,2026-05-08,1.0,1009.705,0.478,,
Allaria Calificado II - Clase C,ARS,2026-05-08,1.0,1009.706,0.478,,
Allaria Calificado II - Clase D,ARS,2026-05-08,1.0,1000,0.0,,
Allaria Cobertura Dinamica - Clase A,ARS,2026-05-08,1.0,6200.958,1.141,-2.743,30.356
Allaria Cobertura Dinamica - Clase B,ARS,2026-05-08,1.0,6304.336,1.146,-2.657,30.682
Allaria Cobertura Dinamica - Clase C,ARS,2026-05-08,1.0,3298.291,0.0,0.0,0.0
Allaria Dinamico II - Clase A,ARS,2026-05-08,1.0,6821.338,0.548,15.934,47.477
Allaria Dinamico II - Clase B,ARS,2026-05-08,1.0,5748.697,0.0,0.0,19.523
Allaria Dinamico II - Clase C,ARS,2026-05-08,1.0,2721.337,0.0,0.0,0.0
Allaria Dinamico II - Clase D,ARS,2026-05-08,1.0,7522.725,0.584,16.709,50.307
Allaria Diversificado - Clase A,ARS,2026-05-08,1.0,165053.18,1.843,14.585,46.525
Allaria Diversificado - Clase B,ARS,2026-05-08,1.0,118153.169,0.0,0.129,8.93
Allaria Diversificado - Clase C,ARS,2026-05-08,1.0,73932.69,1.867,15.08,48.339
Allaria Diversificado - Clase Ley Nº 27.743,ARS,2026-05-08,1.0,1546.028,,,
Allaria Gestion II - Clase A,ARS,2026-05-08,1.0,1000,0.0,0.0,0.0
Allaria Gestion II - Clase B,ARS,2026-05-08,1.0,1182.153,0.0,0.0,0.0
Allaria Gestion II - Clase C,ARS,2026-05-08,1.0,2275.026,0.721,18.143,52.823
Allaria Gestion IV - Clase A,ARS,2026-05-08,1.0,1037.873,-1.935,3.787,3.787
Allaria Gestion IV - Clase B,ARS,2026-05-08,1.0,1042.683,-1.935,3.787,4.268
Allaria Gestion IV - Clase C,ARS,2026-05-08,1.0,1000,0.0,0.0,0.0
Allaria Patrimonio IV - Clase A,ARS,2026-05-08,1.0,10488.966,0.0,3.25,30.821
Allaria Patrimonio IV - Clase B,ARS,2026-05-08,1.0,10760.118,0.0,4.141,33.224
Allaria Patrimonio IV - Clase C,ARS,2026-05-08,1.0,1084.465,0.0,0.0,0.0
Allaria Renta Mixta - Clase A,ARS,2026-05-08,1.0,8943.311,0.0,0.0,0.0
Allaria Renta Mixta - Clase B,ARS,2026-05-08,1.0,546335.162,0.004,8.42,37.275
Allaria Renta Mixta - Clase C,ARS,2026-05-08,1.0,75751.902,0.0,0.0,17.382
Avantia Multiestrategia - Clase A,ARS,2026-05-08,1.0,1398.773,0.574,12.98,39.877
Avantia Multiestrategia - Clase B,ARS,2026-05-08,1.0,1469.94,0.574,12.98,43.869
Avantia Multiestrategia - Clase C,ARS,2026-05-08,1.0,1000,0.0,0.0,0.0
Avantia Multiestrategia - Clase X Ley N°27.743,ARS,2026-05-08,1.0,1000,0.0,0.0,0.0
Avantia Multiestrategia - Clase Y Ley N°27.743,ARS,2026-05-08,1.0,1000,0.0,0.0,0.0
Axis Capital 1 - Clase B,ARS,2026-05-08,1.0,20860.331,0.814,11.642,41.46
Axis Estrategia 10 - Clase A,ARS,2026-05-08,1.0,2446.663,0.372,10.685,40.195
Axis Estrategia 10 - Clase B,ARS,2026-05-08,1.0,2783.558,0.372,10.685,40.195
Axis Estrategia 11 - Clase A,ARS,2026-05-08,1.0,3664.038,0.619,12.983,51.326
Axis Estrategia 11 - Clase B,ARS,2026-05-08,1.0,3659.032,0.619,12.983,51.327
Axis Estrategia 12 - Clase A,ARS,2026-05-08,1.0,1595.177,0.967,18.891,58.366
Axis Estrategia 12 - Clase B,ARS,2026-05-08,1.0,2317.588,0.967,18.717,39.923
Axis Estrategia 12 - Clase X Ley N° 27.743,ARS,2026-05-08,1.0,1346.49,0.0,1.086,
Axis Estrategia 12 - Clase Y Ley N° 27.743,ARS,2026-05-08,1.0,1000,0.0,0.0,
Axis Estrategia 13 - Clase A,ARS,2026-05-08,1.0,1639.151,0.578,8.642,41.163
Axis Estrategia 13 - Clase B,ARS,2026-05-08,1.0,1705.236,0.578,8.642,41.164
Axis Estrategia 14 - Clase A,ARS,2026-05-08,1.0,1716.477,0.206,3.354,38.986
Axis Estrategia 14 - Clase B,ARS,2026-05-08,1.0,1728.659,0.214,3.499,39.545
Axis Estrategia 14 - Clase X Ley N° 27.743,ARS,2026-05-08,1.0,1609.417,0.206,3.354,38.985
Axis Estrategia 14 - Clase Y Ley N° 27.743,ARS,2026-05-08,1.0,1000,0.0,0.0,0.0
Axis Estrategia 15 - Clase A,ARS,2026-05-08,1.0,1000,0.0,0.0,0.0
Axis Estrategia 15 - Clase B,ARS,2026-05-08,1.0,2184.943,1.178,16.398,34.915
Axis Estrategia 16 - Clase A,ARS,2026-05-08,1.0,1483.055,0.571,11.337,39.976
Axis Estrategia 16 - Clase B,ARS,2026-05-08,1.0,1958.098,0.571,11.337,39.976
Axis Estrategia 18 - Clase A,ARS,2026-05-08,1.0,1934.41,0.765,13.61,37.774
Axis Estrategia 18 - Clase B,ARS,2026-05-08,1.0,2076.058,0.781,13.93,38.882
Axis Estrategia 18 - Clase X Ley N° 27.743,ARS,2026-05-08,1.0,1444.959,0.765,13.61,37.775
Axis Estrategia 18 - Clase Y Ley N° 27.743,ARS,2026-05-08,1.0,1000,0.0,0.0,0.0
Axis Estrategia 19 - Clase A,ARS,2026-05-08,1.0,1825.65,0.466,9.914,34.185
Axis Estrategia 19 - Clase B,ARS,2026-05-08,1.0,1810.655,0.469,9.972,34.388
Axis Estrategia 20 - Clase A,ARS,2026-05-08,1.0,2008.837,0.263,8.875,34.078
Axis Estrategia 20 - Clase B,ARS,2026-05-08,1.0,2031.68,0.263,8.874,34.077
Axis Estrategia 20 - Clase X Ley N° 27.743,ARS,2026-05-08,1.0,1169.724,0.263,8.82,16.972
Axis Estrategia 20 - Clase Y Ley N° 27.743,ARS,2026-05-08,1.0,1000,0.0,0.0,0.0
Axis Estrategia 21 - Clase A,ARS,2026-05-08,1.0,1487.346,-1.157,-6.038,26.736
Axis Estrategia 21 - Clase B,ARS,2026-05-08,1.0,1487.504,-1.157,-6.038,26.738
Axis Estrategia 29 - Clase A,ARS,2026-05-08,1.0,1000,,,
Axis Estrategia 29 - Clase B,ARS,2026-05-08,1.0,993.342,,,
Axis Estrategia 29 - Clase C,ARS,2026-05-08,1.0,1000,,,
Axis Estrategia 29 - Clase X Ley N° 27.743,ARS,2026-05-08,1.0,1000,,,
Axis Estrategia 29 - Clase Y Ley N° 27.743,ARS,2026-05-08,1.0,1000,,,
Axis Estrategia 31 - Clase A,ARS,2026-05-08,1.0,1412.522,0.562,13.105,
Axis Estrategia 31 - Clase B,ARS,2026-05-08,1.0,1412.607,0.562,13.104,
Axis Estrategia 31 - Clase C,ARS,2026-05-08,1.0,1000,0.0,0.0,
Axis Estrategia 31 - Clase X  Ley N° 27.743,ARS,2026-05-08,1.0,1238.667,0.0,2.021,
Axis Estrategia 31 - Clase Y  Ley N° 27.743,ARS,2026-05-08,1.0,1389.645,0.562,13.104,
Axis Estrategia 5 - Clase A,ARS,2026-05-08,1.0,8533.561,-1.147,-3.393,41.611
Axis Estrategia 5 - Clase B,ARS,2026-05-08,1.0,8719.734,-1.147,-3.393,41.611
Axis Estrategia 5 - Clase X Ley N° 27.743,ARS,2026-05-08,1.0,1263.386,-1.148,-3.393,41.612
Axis Estrategia 5 - Clase Y Ley N° 27.743,ARS,2026-05-08,1.0,1000,0.0,0.0,0.0
Axis Estrategia 6 - Clase A,ARS,2026-05-08,1.0,5701.034,0.875,10.204,36.706
Axis Estrategia 6 - Clase B,ARS,2026-05-08,1.0,5776.187,0.878,10.263,36.912
Axis Estrategia 6 - Clase X Ley N° 27.743,ARS,2026-05-08,1.0,1320.775,0.0,1.047,25.346
Axis Estrategia 6 - Clase Y Ley N° 27.743,ARS,2026-05-08,1.0,1000,0.0,0.0,0.0
Axis Gestión 2 - Clase A,ARS,2026-05-08,1.0,1000,0.0,,
Axis Gestión 2 - Clase B,ARS,2026-05-08,1.0,1047.937,0.379,,
Axis Gestión 2 - Clase C,ARS,2026-05-08,1.0,1000,0.0,,
Axis Gestión 3 - Clase A,ARS,2026-05-08,1.0,1000,0.0,,
Axis Gestión 3 - Clase B,ARS,2026-05-08,1.0,1053.819,0.395,,
Axis Gestión 3 - Clase C,ARS,2026-05-08,1.0,1000,0.0,,
Axis S&C Argentina Absolute Return - Clase A,ARS,2026-05-08,1.0,10894.042,0.047,3.284,40.505
Axis S&C Argentina Absolute Return - Clase B,ARS,2026-05-08,1.0,9289.025,0.047,3.284,40.505
Axis S&C Argentina Absolute Return - Clase X Ley N° 27.743,ARS,2026-05-08,1.0,1752.943,0.0,2.958,40.062
Axis S&C Argentina Absolute Return - Clase Y Ley N° 27.743,ARS,2026-05-08,1.0,1601.292,0.0,0.456,36.658
Bamba Agronegocios - Clase A,ARS,2026-05-08,1.0,2196.425,,,
Bamba Agronegocios - Clase B,ARS,2026-05-08,1.0,2206.363,,,
Bamba Agronegocios - Clase X Ley N° 27.743,ARS,2026-05-08,1.0,1000,,,
Bamba Agronegocios - Clase Y Ley N° 27.743,ARS,2026-05-08,1.0,1000,,,
Bursátil X Retorno Absoluto - Clase A,ARS,2026-05-08,1.0,944.621,-0.382,-6.909,
Bursátil X Retorno Absoluto - Clase B,ARS,2026-05-08,1.0,944.726,-0.382,-6.91,
Bursátil X Retorno Absoluto - Clase C,ARS,2026-05-08,1.0,1000,0.0,0.0,
Bursátil X Retorno Absoluto - Clase X Ley N° 27.743,ARS,2026-05-08,1.0,1000,0.0,0.0,
Bursátil X Retorno Absoluto - Clase Y Ley N° 27.743,ARS,2026-05-08,1.0,1000,0.0,0.0,
Chimpay Pesos Moderado - Clase A,ARS,2026-05-08,1.0,986.526,1.234,,
Chimpay Pesos Moderado - Clase B,ARS,2026-05-08,1.0,1011.239,1.248,,
Chimpay Pesos Moderado - Clase C,ARS,2026-05-08,1.0,1000,0.0,,
Cocos Rendimiento - Clase A,ARS,2026-05-08,1.0,10951.285,0.368,9.209,36.169
Cocos Rendimiento - Clase B,ARS,2026-05-08,1.0,11003.124,0.368,9.209,36.169
Cocos Rendimiento - Clase C,ARS,2026-05-08,1.0,1000,0.0,0.0,0.0
Cocos Rendimiento - Clase D,ARS,2026-05-08,1.0,71.112,0.0,0.0,0.0
Compass Renta Mixta V - Clase A,ARS,2026-05-08,1.0,969.402,0.348,-2.326,
Compass Renta Mixta V - Clase B,ARS,2026-05-08,1.0,966.29,0.338,-2.53,
Compass Renta Mixta V - Clase C,ARS,2026-05-08,1.0,969.402,0.348,-2.326,
Compass Renta Mixta V - Clase H Ley N° 27.743,ARS,2026-05-08,1.0,969.402,0.348,-2.326,
Compass Renta Mixta V - Clase I Ley N° 27.743,ARS,2026-05-08,1.0,969.402,0.348,-2.326,
Compass Renta Mixta VI - Clase A,ARS,2026-05-08,1.0,1022.485,0.203,3.423,
Compass Renta Mixta VI - Clase B,ARS,2026-05-08,1.0,1031.742,0.22,4.16,
Compass Renta Mixta VI - Clase C,ARS,2026-05-08,1.0,1034.442,0.232,4.122,
Compass Renta Mixta VI - Clase H - Ley Nº 27.743,ARS,2026-05-08,1.0,1038.519,0.255,4.532,
Compass Renta Mixta VI - Clase I - Ley Nº 27.743,ARS,2026-05-08,1.0,1038.519,0.255,4.532,
Consultatio Estrategico - Clase A,ARS,2026-05-08,1.0,1440.01,0.818,12.374,35.362
Consultatio Estrategico - Clase B,ARS,2026-05-08,1.0,336096.78,0.804,12.104,34.544
Consultatio Estrategico - Clase C,ARS,2026-05-08,1.0,1440.01,0.818,12.374,35.362
Consultatio Gestion I - Clase A,ARS,2026-05-08,1.0,1561.614,0.635,10.996,47.246
Consultatio Gestion I - Clase B,ARS,2026-05-08,1.0,2812.256,0.595,10.175,44.162
Consultatio Gestion I - Clase C,ARS,2026-05-08,1.0,1559.275,0.636,10.996,47.246
Consultatio Gestion I - Clase D,ARS,2026-05-08,1.0,73462.914,0.636,10.996,47.246
Consultatio Gestion IV - Clase A,ARS,2026-05-08,0.0,1174.304,0.763,9.209,23.756
Consultatio Gestion IV - Clase B,ARS,2026-05-08,0.0,124353.326,0.752,8.992,23.059
Consultatio Gestion IV - Clase C,ARS,2026-05-08,0.0,5942.945,0.763,9.208,23.756
Consultatio Gestion V - Clase A,ARS,2026-05-08,1.0,1465.294,0.522,-1.967,31.475
Consultatio Gestion V - Clase B,ARS,2026-05-08,1.0,1465.294,0.522,-1.967,31.475
Consultatio Gestion V - Clase C,ARS,2026-05-08,1.0,9258.955,0.501,-2.35,30.017
Consultatio Gestión X - Clase A,ARS,2026-05-08,1.0,13258.274,0.455,9.53,39.589
Consultatio Gestión X - Clase B,ARS,2026-05-08,1.0,16854.156,0.553,11.734,43.032
Consultatio Gestión X - Clase C,ARS,2026-05-08,1.0,32299.981,0.553,11.734,43.032
Consultatio Gestión X - Clase D,ARS,2026-05-08,1.0,73212.387,0.538,11.415,41.241
Consultatio One Ahorro - Clase A,ARS,2026-05-08,1.0,1799.873,1.038,21.433,60.315
Consultatio One Ahorro - Clase B,ARS,2026-05-08,1.0,174546.77,1.024,21.13,59.174
Consultatio One Ahorro - Clase C,ARS,2026-05-08,1.0,1799.873,1.038,21.433,60.315
Consultatio One Ahorro - Clase D,ARS,2026-05-08,1.0,1799.873,1.038,21.433,60.315
Consultatio Renta Balanceada - Clase A,ARS,2026-05-08,1.0,758694.484,1.203,19.045,55.256
Consultatio Renta Balanceada - Clase B,ARS,2026-05-08,1.0,779361.689,1.203,19.045,55.256
Consultatio Renta Balanceada - Clase C,ARS,2026-05-08,1.0,716072.512,1.191,18.788,54.304
CYC Renta Mixta - Clase A,ARS,2026-05-08,1.0,11826.551,-0.295,-1.696,52.544
CYC Renta Mixta - Clase B,ARS,2026-05-08,1.0,127001.946,-0.295,-1.696,52.376
CYC Renta Mixta - Clase C,ARS,2026-05-08,1.0,1000,,,
CYC Renta Mixta - Clase D,ARS,2026-05-08,1.0,1000,,,
CYC Renta Mixta - Clase E Ley N° 27.743,ARS,2026-05-08,1.0,1005.734,-0.295,-1.696,17.878
FBA Renta Mixta - Clase A,ARS,2026-05-08,1.0,21515.79,0.23,6.804,39.09
FBA Renta Mixta - Clase B,ARS,2026-05-08,1.0,37454.064,0.25,7.198,40.56
FBA Renta Mixta - Clase J Ley N° 27.743,ARS,2026-05-08,1.0,21517.542,0.23,6.804,39.09
FBA Renta Mixta - Clase K Ley N° 27.743,ARS,2026-05-08,1.0,20756.3,,,
First Renta Mixta I - Clase A,ARS,2026-05-08,2.0,23600.299,0.125,6.798,45.407
First Renta Mixta I - Clase B,ARS,2026-05-08,2.0,14015.455,0.0,0.0,0.0
First Renta Mixta I - Clase C,ARS,2026-05-08,2.0,15460.446,0.14,7.08,46.717
First Renta Mixta I - Clase D,ARS,2026-05-08,2.0,1000,0.0,0.0,0.0
Gainvest Balanceado II - Clase A,ARS,2026-05-08,1.0,1000,0.0,0.0,0.0
Gainvest Balanceado II - Clase B,ARS,2026-05-08,1.0,2137.514,0.0,-0.622,45.3
Gainvest Balanceado II - Clase C,ARS,2026-05-08,1.0,6278.702,0.0,0.0,31.433
Gainvest Balanceado III - Clase A,ARS,2026-05-08,1.0,1000,0.0,0.0,0.0
Gainvest Balanceado III - Clase B,ARS,2026-05-08,1.0,16737.268,0.485,9.283,44.387
Gainvest Balanceado III - Clase C,ARS,2026-05-08,1.0,1000,0.0,0.0,0.0
Gainvest Balanceado V - Clase A,ARS,2026-05-08,2.0,1000,0.0,0.0,0.0
Gainvest Balanceado V - Clase B,ARS,2026-05-08,2.0,2684.475,0.514,11.352,11.343
Gainvest Balanceado V - Clase C,ARS,2026-05-08,2.0,1000,0.0,0.0,0.0
Gainvest Balanceado VI - Clase A,ARS,2026-05-08,1.0,1000,0.0,0.0,0.0
Gainvest Balanceado VI - Clase B,ARS,2026-05-08,1.0,536.707,0.439,9.908,43.41
Gainvest Balanceado VI - Clase C,ARS,2026-05-08,1.0,1000,0.0,0.0,0.0
Gainvest Balanceado VII - Clase A,ARS,2026-05-08,1.0,1000,0.0,0.0,0.0
Gainvest Balanceado VII - Clase B,ARS,2026-05-08,1.0,2608.23,0.633,-21.372,-1.941
Gainvest Balanceado VII - Clase C,ARS,2026-05-08,1.0,1000,0.0,0.0,0.0
Gainvest Global IX - Clase A,ARS,2026-05-08,1.0,1000,0.0,0.0,0.0
Gainvest Global IX - Clase B,ARS,2026-05-08,1.0,563.899,-21.403,-70.196,-88.658
Gainvest Global IX - Clase C,ARS,2026-05-08,1.0,1000,0.0,0.0,0.0
Gainvest Global V - Clase A,ARS,2026-05-08,1.0,6481.285,-0.206,2.363,45.802
Gainvest Global V - Clase B,ARS,2026-05-08,1.0,7689.247,-0.206,2.362,45.802
Gainvest Global V - Clase C,ARS,2026-05-08,1.0,1000,0.0,0.0,0.0
Gainvest Global V - Clase Ley N° 27.743,ARS,2026-05-08,1.0,1656.027,0.0,1.377,44.546
Gainvest Global VI - Clase A,ARS,2026-05-08,1.0,3407.571,0.0,0.0,4.828
Gainvest Global VI - Clase B,ARS,2026-05-08,1.0,1517.989,0.505,7.602,34.996
Gainvest Global VI - Clase C,ARS,2026-05-08,1.0,1000,0.0,0.0,0.0
Gainvest Global VII - Clase A,ARS,2026-05-08,2.0,1888.049,0.284,11.922,42.251
Gainvest Global VII - Clase B,ARS,2026-05-08,2.0,0.773,0.0,1.311,28.405
Gainvest Global VII - Clase C,ARS,2026-05-08,2.0,1839.299,0.284,11.922,42.251
Gainvest Global VIII - Clase A,ARS,2026-05-08,1.0,1298.204,0.853,11.924,29.82
Gainvest Global VIII - Clase B,ARS,2026-05-08,1.0,5291.741,0.863,12.12,4.705
Gainvest Global VIII - Clase C,ARS,2026-05-08,1.0,1000,0.0,0.0,0.0
Galileo Multimercado IV - Clase A,ARS,2026-05-08,1.0,13809.757,0.68,1.459,46.078
Galileo Multimercado IX - Clase A,ARS,2026-05-08,1.0,1000,0.0,0.0,0.0
Galileo Multimercado IX - Clase B,ARS,2026-05-08,1.0,1000,0.0,0.0,0.0
Galileo Multimercado V - Clase A,ARS,2026-05-08,1.0,4114.473,0.0,0.0,1.822
Galileo Multimercado V - Clase B,ARS,2026-05-08,1.0,5941.647,-0.231,0.787,29.689
Galileo Multimercado VI - Clase A,ARS,2026-05-08,1.0,1892.734,0.782,11.144,36.429
Galileo Multimercado VI - Clase B,ARS,2026-05-08,1.0,1921.238,0.796,11.438,37.457
Galileo Multimercado VII - Clase A,ARS,2026-05-08,1.0,1663.602,0.573,13.333,33.182
Galileo Multimercado VII - Clase B,ARS,2026-05-08,1.0,1656.993,0.576,13.409,33.435
Galileo Multimercado VIII - Clase A,ARS,2026-05-08,1.0,1097.588,1.545,-4.433,24.289
Galileo Multimercado VIII - Clase B,ARS,2026-05-08,1.0,1079.378,1.548,-4.368,24.5
GSS II - Clase A,ARS,2026-05-08,1.0,438893.16,0.7,12.695,42.61
GSS II - Clase B,ARS,2026-05-08,1.0,389779.719,0.691,12.509,41.934
IAM Lider Renta Pesos - Clase B,ARS,2026-05-08,1.0,1195.902,0.771,8.436,
Integrae SC Retorno Total - Clase A,ARS,2026-05-08,2.0,2705.861,,,
Integrae SC Retorno Total - Clase B,ARS,2026-05-08,2.0,3639.839,,,
Lombard Dinámico I - Clase U,ARS,2026-05-08,1.0,1601.603,0.498,12.506,35.008
MAF Renta Balanceada 2 - Clase A,ARS,2026-05-08,2.0,4504.954,0.0,0.0,0.0
MAF Renta Balanceada 2 - Clase B,ARS,2026-05-08,2.0,7411.113,0.424,6.876,33.225
MAF Renta Balanceada 2 - Clase C,ARS,2026-05-08,2.0,2462.545,,,
MAF Renta Balanceada 2 - Clase D,ARS,2026-05-08,2.0,1000,,,
MAF Renta Balanceada 2 - Clase E,ARS,2026-05-08,2.0,1462.342,,,
MAF Renta Balanceada 2 - Clase F,ARS,2026-05-08,2.0,956.409,,,
MEGAQM Acciones Latam - Clase A,ARS,2026-05-08,1.0,50448.316,0.844,15.743,46.522
MEGAQM Acciones Latam - Clase B,ARS,2026-05-08,1.0,52886.723,0.85,15.874,46.993
MEGAQM Estrategia 3 - Clase A,ARS,2026-05-08,1.0,1000,0.0,0.0,0.0
MEGAQM Estrategia 3 - Clase B,ARS,2026-05-08,1.0,1000,0.0,0.0,0.0
MEGAQM Estrategia 8 - Clase A,ARS,2026-05-08,1.0,1000,0.0,0.0,0.0
MEGAQM Estrategia 8 - Clase B,ARS,2026-05-08,1.0,713215230.581,0.037,50713.047,64960.052
MEGAQM Estrategia 8 - Clase C,ARS,2026-05-08,1.0,1000,0.0,0.0,0.0
MEGAQM Estrategia 8 - Clase D,ARS,2026-05-08,1.0,12112.995,0.0,0.0,0.0
MEGAQM Renta Mixta - Clase A,ARS,2026-05-08,1.0,91846.557,0.457,13.489,43.772
MEGAQM Renta Mixta - Clase B,ARS,2026-05-08,1.0,94274.288,0.463,13.617,44.233
Optimum Global Balanced - Clase B,ARS,2026-05-08,1.0,275241.399,0.986,4.859,35.176
Parakeet Blend - Clase A,ARS,2026-05-08,1.0,1000,0.0,0.0,
Parakeet Blend - Clase B,ARS,2026-05-08,1.0,1000,0.0,0.0,
Parakeet Blend - Clase X Ley N° 27.743,ARS,2026-05-08,1.0,1000,0.0,0.0,
Parakeet Cobalto Estrategia - Clase A,ARS,2026-05-08,1.0,1506.463,1.323,19.158,
Parakeet Cobalto Estrategia - Clase B,ARS,2026-05-08,1.0,1449.762,1.333,19.368,
Parakeet Cobalto Estrategia - Clase X Ley N° 27.743,ARS,2026-05-08,1.0,1269.666,0.0,1.533,
Parakeet Multimercado III - Clase A,ARS,2026-05-08,1.0,1054.514,1.084,,
Parakeet Multimercado III - Clase B,ARS,2026-05-08,1.0,1055.194,1.094,,
Pionero Renta Mixta I - Clase A,ARS,2026-05-08,2.0,180054.179,0.359,4.886,40.24
Pionero Renta Mixta I - Clase B,ARS,2026-05-08,2.0,148849.73,0.374,5.175,41.334
Pionero Renta Mixta I - Clase C Ley N° 27.743,ARS,2026-05-08,2.0,1787.4,0.392,5.54,42.721
Pionero Renta Mixta I RP D.596 - Clase A,ARS,2026-05-08,2.0,1885.797,,,
Pionero Renta Mixta I RP D.596 - Clase B,ARS,2026-05-08,2.0,1458.375,,,
Premier Estrategico - Clase A,ARS,2026-05-08,1.0,28714.254,0.298,7.728,34.134
Premier Estrategico - Clase B,ARS,2026-05-08,1.0,1000,0.0,0.0,0.0
Premier Estrategico - Clase C,ARS,2026-05-08,1.0,1000,0.0,0.0,0.0
SBS Patrimonio IV - Clase A,ARS,2026-05-08,1.0,3017.925,0.0,0.0,0.0
SBS Patrimonio IV - Clase B,ARS,2026-05-08,1.0,39865.427,0.618,11.039,41.087
SBS Patrimonio IV - Clase Ley N° 27.743,ARS,2026-05-08,1.0,1000,0.0,0.0,0.0
SMR Fondo Comun de Inversion - Clase A,ARS,2026-05-08,1.0,18140.838,0.163,-6.838,36.433
SMR Fondo Comun de Inversion - Clase B,ARS,2026-05-08,1.0,17648.811,0.163,-6.838,36.432
SMR Fondo Comun de Inversion - Clase C,ARS,2026-05-08,1.0,18154.535,0.163,-6.838,36.433
ST Renta Mixta - Clase A,ARS,2026-05-08,1.0,222875.654,,,
ST Renta Mixta - Clase B,ARS,2026-05-08,1.0,373289.004,,,
ST Renta Mixta - Clase C,ARS,2026-05-08,1.0,17083.729,,,
ST Renta Mixta - Clase D,ARS,2026-05-08,1.0,97122.138,,,
Tandem Balanceado I - Clase A,ARS,2026-05-08,1.0,1000,0.0,,
Tandem Balanceado I - Clase B,ARS,2026-05-08,1.0,1000,0.0,,
Tandem Balanceado I - Clase C,ARS,2026-05-08,1.0,1000,0.0,,
Tandem Balanceado I - Clase D,ARS,2026-05-08,1.0,1003.338,0.105,,
Tandem Balanceado II - Clase A,ARS,2026-05-08,1.0,1000,0.0,,
Tandem Balanceado II - Clase B,ARS,2026-05-08,1.0,1000,0.0,,
Tandem Balanceado II - Clase C,ARS,2026-05-08,1.0,1000,0.0,,
Tandem Balanceado II - Clase D,ARS,2026-05-08,1.0,1002.913,0.067,,
Tandem Crecimiento I - Clase A,ARS,2026-05-08,1.0,1000,0.0,,
Tandem Crecimiento I - Clase B,ARS,2026-05-08,1.0,1000,0.0,,
Tandem Crecimiento I - Clase C,ARS,2026-05-08,1.0,1000,0.0,,
Tandem Crecimiento I - Clase D,ARS,2026-05-08,1.0,1000,0.0,,
Toronto Trust Argentina 2021 - Clase A,ARS,2026-05-08,1.0,20836.743,-1.814,-4.034,45.3
Toronto Trust Argentina 2021 - Clase B,ARS,2026-05-08,1.0,21249.313,-1.809,-3.949,45.665
Toronto Trust Argentina 2021 - Clase C,ARS,2026-05-08,1.0,21559.245,-1.8,-3.781,46.396
Toronto Trust Argentina 2021 - Clase D,ARS,2026-05-08,1.0,16911.687,0.0,0.0,0.0
Toronto Trust Argentina 2021 - Clase Ley N° 27.743,ARS,2026-05-08,1.0,1691.622,-1.814,-4.034,45.3
Toronto Trust Gestión - Clase B,ARS,2026-05-08,0.0,7065.632,0.658,11.839,44.828
Alpha Renta Balanceada Global - Clase A,ARS,2026-05-08,1.0,482033.538,0.706,2.666,39.022
Alpha Renta Balanceada Global - Clase B,ARS,2026-05-08,1.0,343129.447,0.663,1.935,36.741
Alpha Renta Balanceada Global - Clase C,ARS,2026-05-08,1.0,2.283,1.062,3.773,-19.414
Alpha Renta Balanceada Global - Clase D,ARS,2026-05-08,1.0,2.803,1.082,3.815,-19.385
Alpha Renta Balanceada Global - Clase I,ARS,2026-05-08,1.0,2.283,1.062,3.773,-19.414
Delta Gestion I - Clase B,ARS,2026-05-08,1.0,502808.55,0.359,5.976,46.45
Delta Gestion II - Clase B,ARS,2026-05-08,1.0,136661.654,-1.071,-15.373,-35.403
IEB Retorno Total - Clase A,ARS,2026-05-08,2.0,101801.4,0.621,12.43,43.309
IEB Retorno Total - Clase B,ARS,2026-05-08,2.0,44425.18,0.621,12.43,42.959
IEB Retorno Total - Clase C,ARS,2026-05-08,2.0,1257.252,0.0,0.0,0.0
IEB Retorno Total - Clase Ley N° 27.743,ARS,2026-05-08,2.0,1931.853,0.621,12.43,43.309
Max Estrategico I - Clase A,ARS,2026-05-08,1.0,1000,0.0,0.0,0.0
Max Estrategico I - Clase B,ARS,2026-05-08,1.0,1000,0.0,0.0,0.0
Max Estrategico I - Clase C,ARS,2026-05-08,1.0,1000,0.0,0.0,0.0
Max Estrategico I - Clase D,ARS,2026-05-08,1.0,7183.348,-1.574,13.264,18.538
Mills M1000 Balanceado Pesos - Clase XDA,ARS,2026-05-08,1.0,1001.603,,,
Mills M1000 Balanceado Pesos - Clase XDB1,ARS,2026-05-08,1.0,1001.508,,,
SBS Multiactivos - Clase A,ARS,2026-05-08,1.0,1000,0.0,0.0,0.0
SBS Multiactivos - Clase B,ARS,2026-05-08,1.0,86175.305,0.911,10.712,48.993
SBS Multiactivos - Clase Ley N° 27.743,ARS,2026-05-08,1.0,1000,0.0,0.0,0.0
SBS Patrimonio II - Clase FPN,ARS,2026-05-08,1.0,1000,0.0,0.0,0.0
SBS Patrimonio II - Clase JPN,ARS,2026-05-08,1.0,12741.357,0.268,8.792,37.512
SBS Patrimonio II - Clase Ley N° 27.743,ARS,2026-05-08,1.0,1000,0.0,0.0,0.0
SBS Tavelli Global - Clase P,ARS,2026-05-08,1.0,467917.66,-0.022,5.68,44.208
Superfondo Combinado - Clase A,ARS,2026-05-08,2.0,47588.353,0.822,8.154,45.096
Superfondo Combinado - Clase B,ARS,2026-05-08,2.0,62401.617,0.88,9.298,49.515
Superfondo Combinado - Clase C,ARS,2026-05-08,2.0,58735.265,0.856,8.809,47.619
Superfondo Combinado - Clase D,ARS,2026-05-08,2.0,62664.099,0.88,9.298,49.515
Superfondo Multirenta - Clase A,ARS,2026-05-08,3.0,1142.346,0.406,-3.152,14.235
Superfondo Multirenta - Clase B,ARS,2026-05-08,3.0,1137.484,0.395,-3.356,13.748
Superfondo Multirenta - Clase C,ARS,2026-05-08,3.0,1142.346,0.406,-3.152,14.235
Superfondo Multirenta - Clase D,ARS,2026-05-08,3.0,1142.346,0.406,-3.152,14.235
Superfondo Multirenta - Clase E,ARS,2026-05-08,3.0,1142.346,0.406,-3.152,14.235
Superfondo Multirenta - Clase F,ARS,2026-05-08,3.0,1142.346,0.406,-3.152,14.235
Superfondo Renta Balance - Clase A,ARS,2026-05-08,3.0,2567.102,0.818,8.582,27.987
Superfondo Renta Balance - Clase B,ARS,2026-05-08,3.0,2542.644,0.806,8.354,27.4
Superfondo Renta Balance - Clase C,ARS,2026-05-08,3.0,2567.102,0.818,8.582,27.987
Superfondo Renta Balance - Clase D,ARS,2026-05-08,3.0,2567.102,0.818,8.582,27.987
Superfondo Renta Balance - Clase E,ARS,2026-05-08,3.0,2567.102,0.818,8.582,27.987
Superfondo Renta Balance - Clase F,ARS,2026-05-08,3.0,2567.102,0.818,8.582,27.987
Superfondo Renta Mixta - Clase A,ARS,2026-05-08,3.0,4871.314,1.175,4.239,40.177
Superfondo Renta Mixta - Clase B,ARS,2026-05-08,3.0,4790.589,1.163,4.02,39.338
Superfondo Renta Mixta - Clase C,ARS,2026-05-08,3.0,4871.314,1.175,4.239,40.177
Superfondo Renta Mixta - Clase D,ARS,2026-05-08,3.0,4871.314,1.175,4.239,40.177
Supergestion Balanceado - Clase A,ARS,2026-05-08,2.0,305590.494,0.29,3.953,49.651
Supergestion Balanceado - Clase B,ARS,2026-05-08,2.0,353117.552,0.29,3.953,49.651
Supergestion Balanceado - Clase C,ARS,2026-05-08,2.0,324162.934,0.271,3.607,48.236
Supergestion Balanceado - Clase D,ARS,2026-05-08,2.0,300233.973,0.29,3.953,49.651
Consultatio Renta Mixta - Clase A,ARS,2026-05-08,1.0,316051.292,1.107,13.937,51.931
Consultatio Renta Mixta - Clase B,ARS,2026-05-08,1.0,315399.501,1.107,13.937,51.931
Consultatio Renta Mixta - Clase C,ARS,2026-05-08,1.0,298358.96,1.098,13.755,51.242
FBA Retorno Total I - Clase A,ARS,2026-05-08,1.0,15612.181,0.08,2.285,9.788
FBA Retorno Total I - Clase B,ARS,2026-05-08,1.0,15946.003,0.085,2.375,10.063
GSS Energia - Clase A,ARS,2026-05-08,2.0,88852.536,0.829,5.516,37.669
GSS Energia - Clase B,ARS,2026-05-08,2.0,82698.269,0.815,5.236,36.625
GSS Energia - Clase Ley N° 27.743,ARS,2026-05-08,2.0,1000,0.0,0.0,0.0
GSS Retorno Total - Clase A,ARS,2026-05-08,2.0,55107.881,0.951,12.734,45.043
GSS Retorno Total - Clase B,ARS,2026-05-08,2.0,123153.373,0.936,12.436,43.943
GSS Retorno Total - Clase Ley N° 27.743,ARS,2026-05-08,2.0,1000,0.0,0.0,0.0
IEB Multiestrategia - Clase A,ARS,2026-05-08,2.0,20987.041,0.84,17.19,47.691
IEB Multiestrategia - Clase B,ARS,2026-05-08,2.0,99393.245,0.845,17.293,48.061
IEB Multiestrategia - Clase C,ARS,2026-05-08,2.0,1000,0.0,0.0,0.0
IEB Multiestrategia - Clase Ley N° 27.743,ARS,2026-05-08,2.0,1435.666,0.0,5.651,32.806
Optimum Global Investment Grade,ARS,2026-05-08,1.0,1360475.932,0.472,4.999,41.957
Optimum Global Renta Mixta,ARS,2026-05-08,1.0,10337.267,,,
Optimum Global Renta Mixta - Clase A,ARS,2026-05-08,1.0,826208.526,-0.046,-0.839,2.116
Supergestion - Clase A,ARS,2026-05-08,2.0,1275355.825,0.331,4.272,45.084
Supergestion - Clase B,ARS,2026-05-08,2.0,1542198.746,0.363,5.065,49.067
Supergestion - Clase C,ARS,2026-05-08,2.0,1415326.575,0.365,4.916,47.651
Supergestion - Clase D,ARS,2026-05-08,2.0,1415323.218,0.365,4.916,47.651
Supergestion - Clase F,ARS,2026-05-08,2.0,138456.666,0.389,5.377,49.51
Supergestion - Clase H,ARS,2026-05-08,2.0,38060.915,0.331,4.272,45.083
Supergestion - Clase I,ARS,2026-05-08,2.0,40830.304,0.343,4.511,46.033
Supergestion - Clase J,ARS,2026-05-08,2.0,43152.902,0.389,5.377,49.51
Fima Mix I - Clase A,ARS,2026-05-08,1.0,56998.409,0.596,0.758,30.205
Fima Mix I - Clase B,ARS,2026-05-08,1.0,59280.888,0.601,0.847,30.536
Fima Mix I - Clase C,ARS,2026-05-08,1.0,64784.545,0.618,1.153,31.667
Fima Mix II - Clase A,ARS,2026-05-08,2.0,10205.334,1.372,-0.643,28.987
Fima Mix II - Clase B,ARS,2026-05-08,2.0,10307.703,1.377,-0.555,29.315
Fima Mix II - Clase C,ARS,2026-05-08,2.0,10663.562,1.394,-0.253,30.435
First Renta Mixta II - Clase A,ARS,2026-05-08,1.0,33385.155,0.012,-6.659,35.309
First Renta Mixta II - Clase B,ARS,2026-05-08,1.0,1000,0.0,0.0,0.0
First Renta Mixta II - Clase C,ARS,2026-05-08,1.0,1000.564,0.0,0.0,0.0
First Renta Mixta II - Clase D,ARS,2026-05-08,1.0,1000,0.0,0.0,0.0
First Renta Mixta III - Clase A,ARS,2026-05-08,1.0,1000,0.0,0.0,0.0
First Renta Mixta III - Clase B,ARS,2026-05-08,1.0,1000,0.0,0.0,0.0
First Renta Mixta III - Clase C,ARS,2026-05-08,1.0,17102.286,-0.026,5.164,33.547
First Renta Mixta III - Clase D,ARS,2026-05-08,1.0,1000,0.0,0.0,0.0
First Renta Mixta IV - Clase A,ARS,2026-05-08,1.0,2077.403,0.0,0.0,0.0
First Renta Mixta IV - Clase B,ARS,2026-05-08,1.0,1000,0.0,0.0,0.0
First Renta Mixta IV - Clase C,ARS,2026-05-08,1.0,3221.445,0.0,0.0,0.0
First Renta Mixta IV - Clase D,ARS,2026-05-08,1.0,1891.041,0.602,12.056,48.483
First Renta Mixta V - Clase A,ARS,2026-05-08,1.0,1000,0.0,0.0,0.0
First Renta Mixta V - Clase B,ARS,2026-05-08,1.0,18289.806,0.129,5.074,42.966
First Renta Mixta V - Clase C,ARS,2026-05-08,1.0,18015.43,0.125,4.988,42.626
First Renta Mixta V - Clase D,ARS,2026-05-08,1.0,1000,0.0,0.0,0.0
First Renta Mixta VI - Clase A,ARS,2026-05-08,1.0,12498.302,0.343,-2.288,29.814
First Renta Mixta VI - Clase B,ARS,2026-05-08,1.0,1000,0.0,0.0,0.0
First Renta Mixta VI - Clase C,ARS,2026-05-08,1.0,5416.356,0.0,0.0,4.681
First Renta Mixta VI - Clase D,ARS,2026-05-08,1.0,13185.019,0.36,-1.981,30.99
First Renta Mixta VII - Clase A,ARS,2026-05-08,1.0,9770.339,0.0,0.0,0.0
First Renta Mixta VII - Clase B,ARS,2026-05-08,1.0,16495.673,0.0,0.0,10.183
First Renta Mixta VII - Clase C,ARS,2026-05-08,1.0,1000,0.0,0.0,0.0
First Renta Mixta VII - Clase D,ARS,2026-05-08,1.0,33612.925,-0.64,-2.967,126.427
First Renta Mixta VIII - Clase A,ARS,2026-05-08,1.0,1000,0.0,0.0,0.0
First Renta Mixta VIII - Clase B,ARS,2026-05-08,1.0,1000,0.0,0.0,0.0
First Renta Mixta VIII - Clase C,ARS,2026-05-08,1.0,3240.119,0.0,0.0,2.758
First Renta Mixta VIII - Clase D,ARS,2026-05-08,1.0,5505.271,0.601,6.497,31.5
Pionero Argentina Bicentenario - Clase A,ARS,2026-05-08,2.0,1000,0.0,0.0,0.0
Pionero Argentina Bicentenario - Clase B,ARS,2026-05-08,2.0,63154.375,0.255,10.905,45.108
Pionero Argentina Bicentenario - Clase C,ARS,2026-05-08,2.0,1000,0.0,0.0,0.0
Argenfunds Renta Mixta Plus - Clase E,USD,2026-05-08,1.0,1427111.086,-1.074,-3.674,24.049
Argenfunds Renta Mixta Plus - Clase F,USD,2026-05-08,1.0,1349569.005,-1.074,-3.674,24.049
Renta Mixta Dolar Estadounidense,,2026-05-08,,,,,
Axis Estrategia Dólar 2 - Clase B,USD,2026-05-08,1.0,1004.608,0.274,3.962,11.141
Axis Estrategia Dólar 2 - Clase E,USD,2026-05-08,1.0,1000,0.0,0.0,0.0
Axis Estrategia Dólar 2 - Clase F,USD,2026-05-08,1.0,1011.104,0.274,3.962,11.141
Axis Estrategia Dólar 2 - Clase X Ley N° 27.743,USD,2026-05-08,1.0,1083.109,0.0,1.376,8.376
Axis Estrategia Dólar 2 - Clase Y Ley N° 27.743,USD,2026-05-08,1.0,1005.719,0.0,0.0,0.633
Axis Estrategia Dólar 3 - Clase A,USD,2026-05-08,1.0,965.362,0.156,-4.022,-3.42
Axis Estrategia Dólar 3 - Clase B,USD,2026-05-08,1.0,988.731,0.156,-1.913,-1.27
Axis Estrategia Dólar 3 - Clase C,USD,2026-05-08,1.0,998.544,0.0,0.0,-0.118
Axis Estrategia Dólar 3 - Clase X Ley N° 27.743,USD,2026-05-08,1.0,1007.264,0.0,0.125,0.754
Axis Estrategia Dólar 3 - Clase Y Ley N° 27.743,USD,2026-05-08,1.0,1000,0.0,0.0,0.0
FBA Renta Mixta Dólar I - Clase B,USB,2026-05-08,2.0,999.872,-0.007,-0.017,
Pionero Dólar Dinámico - Clase A,USD,2026-05-08,1.0,1020.176,-0.055,2.018,2.018
Pionero Dólar Dinámico - Clase B,USD,2026-05-08,1.0,1076.612,-0.055,2.752,7.661
Pionero Dólar Dinámico - Clase C Ley N° 27.743,USD,2026-05-08,1.0,1000,0.0,0.0,0.0
Probolsa Dolares,USD,2026-05-08,3.0,1000,,,
Probolsa Dolares RP D.596,USD,2026-05-08,3.0,1074.246,,,
ST Retorno Total Dolares - Clase A,USD,2026-05-08,2.0,1160.987,,,
ST Retorno Total Dolares - Clase B,USD,2026-05-08,2.0,1182.533,,,
ST Retorno Total Dolares - Clase C,USD,2026-05-08,2.0,1256.918,,,
ST Retorno Total Dolares - Clase D,USD,2026-05-08,2.0,1180.62,,,
Tandem Global II - Clase A,USB,2026-05-08,1.0,1000,0.0,,
Tandem Global II - Clase B,USB,2026-05-08,1.0,1000,0.0,,
Tandem Global II - Clase C,USB,2026-05-08,1.0,1000,0.0,,
Tandem Global II - Clase D,USB,2026-05-08,1.0,999.63,-0.033,,
Transatlantica Estrategia Dólar - Clase A,USD,2026-05-08,1.0,1085.475,0.038,2.766,8.071
Transatlantica Estrategia Dólar - Clase B,USD,2026-05-08,1.0,1085.474,0.038,2.766,8.07
Transatlantica Estrategia Dólar - Clase C,USD,2026-05-08,1.0,1000,0.0,0.0,0.0
Transatlantica Estrategia Dólar - Clase F,USD,2026-05-08,1.0,1000,0.0,0.0,0.0
Transatlantica Estrategia Dólar - Clase G,USD,2026-05-08,1.0,1000,0.0,0.0,0.0
Transatlantica Estrategia Dólar - Clase X Ley N° 27.743,USD,2026-05-08,1.0,1064.256,0.0,1.357,5.987
Transatlantica Estrategia Dólar - Clase Y Ley N° 27.743,USD,2026-05-08,1.0,1057.585,0.0,1.233,5.759
Delta Multimercado I - Clase F,ARS,2026-05-08,1.0,542.154,0.994,2.579,-9.232
Delta Multimercado I - Clase G,ARS,2026-05-08,1.0,381.126,0.994,2.579,-21.378
Gainvest Balanceado - Clase D,ARS,2026-05-08,1.0,0.716,-0.417,4.221,-19.551
Gainvest Balanceado - Clase E,ARS,2026-05-08,1.0,2.201,-0.362,4.214,-19.495
Gainvest Balanceado - Clase F,ARS,2026-05-08,1.0,2.208,-0.361,4.2,-19.504
Gainvest Performance - Clase A,USD,2026-05-08,3.0,1000,0.0,0.0,
Gainvest Performance - Clase B,USD,2026-05-08,3.0,1053.393,0.155,2.719,
Gainvest Performance - Clase C,USD,2026-05-08,3.0,1000,0.0,0.0,
Gainvest Performance II - Clase A,USD,2026-05-08,1.0,1000,0.0,0.0,
Gainvest Performance II - Clase B,USD,2026-05-08,1.0,1017.879,0.284,1.788,
Gainvest Performance II - Clase C,USD,2026-05-08,1.0,1000,0.0,0.0,
Mabra BAVSA Renta Dólar - Clase A,USD,2026-05-08,1.0,1045.746,0.143,2.771,
Mabra BAVSA Renta Dólar - Clase B,USD,2026-05-08,1.0,1045.55,0.143,2.771,
Mabra BAVSA Renta Dólar - Clase C,USD,2026-05-08,1.0,1000,0.0,0.0,
Mabra BAVSA Renta Dólar - Clase D Ley Nº 27.743,USD,2026-05-08,1.0,1000,,,
MAF Mix I - Clase  Art. 11 Decreto 99/2019 y mod,USD,2026-05-08,2.0,1634.386,0.0,0.0,0.0
MAF Mix I - Clase D,USD,2026-05-08,2.0,1012.966,0.013,0.252,1.098
MAF Mix I - Clase RAP Ley N° 27.743,USD,2026-05-08,2.0,1009.426,0.0,0.095,0.939
MAF Mix II -  Clase RAP Ley N° 27.743,USD,2026-05-08,2.0,1122.554,0.226,2.944,10.178
MAF Mix II - Clase D,USD,2026-05-08,2.0,1852.732,0.226,2.944,10.178
MAF Mix II - Clase E,USD,2026-05-08,2.0,1523.995,0.135,1.719,6.987
MAF Renta Balanceada - Clase D,ARS,2026-05-08,2.0,1000,,,
MAF Renta Balanceada - Clase E,ARS,2026-05-08,2.0,1000,,,
MEGAQM Gestión Balanceada Dólares - Clase A,USD,2026-05-08,2.0,1000,0.0,0.0,0.0
MEGAQM Gestión Balanceada Dólares - Clase B,USD,2026-05-08,2.0,1944.396,1.674,4.699,20.488
SBS Renta Mixta III - Clase A,USD,2026-05-08,2.0,1000,0.0,0.0,0.0
SBS Renta Mixta III - Clase B,USD,2026-05-08,2.0,1032.612,-0.014,1.928,4.825
SBS Renta Mixta III - Clase Ley N° 27.743,USD,2026-05-08,2.0,1000,0.0,0.0,0.0
SBS Renta Mixta V - Clase B,USD,2026-05-08,0.0,1070.047,0.175,5.158,
SBS Renta Patrimonio - Clase A,USD,2026-05-08,2.0,1000,0.0,0.0,0.0
SBS Renta Patrimonio - Clase B,USD,2026-05-08,2.0,1377.478,0.128,3.946,8.284
SBS Renta Patrimonio - Clase Ley N° 27.743,USD,2026-05-08,2.0,1000,0.0,0.0,0.0
Schroder Renta Global Dos - Clase B Dólares,ARS,2026-05-08,1.0,37.454,1.664,15.659,18.522
Schroder Retorno Absoluto Dolares - Clase B,ARS,2026-05-08,1.0,29.399,0.757,2.6,-21.422
Schroder Retorno Total - Clase A,USD,2026-05-08,1.0,1729.551,0.391,3.426,10.546
Schroder Retorno Total - Clase B,USD,2026-05-08,1.0,1798.789,0.413,3.845,11.827
Schroder Retorno Total - Clase C,USD,2026-05-08,1.0,1000,0.0,0.0,0.0
Schroder Retorno Total - Clase D Ley N° 27.743,USD,2026-05-08,1.0,1155.941,0.391,3.425,10.546
Apolo Dólares - Clase B,USD,2026-05-08,1.0,1019.973,0.066,1.125,
Apolo Dólares - Clase C,USD,2026-05-08,1.0,1012.173,0.066,,
Cocos Renta Dólar - Clase A - Ley N° 27.743,USD,2026-05-08,1.0,991.632,-0.041,-0.74,
Cocos Renta Dólar - Clase B - Ley N° 27.743,USD,2026-05-08,1.0,991.67,-0.038,-0.683,
Compass Renta Mixta - Clase D,ARS,2026-05-08,1.0,81.597,1.69,15.539,16.187
Compass Renta Mixta - Clase E,ARS,2026-05-08,1.0,78.32,1.679,15.3,15.499
Compass Renta Mixta - Clase F,ARS,2026-05-08,1.0,83.003,1.689,15.539,16.187
Compass Renta Plus - Clase D,ARS,2026-05-08,2.0,31.908,1.884,11.403,9.751
Compass Renta Plus - Clase E,ARS,2026-05-08,2.0,31.757,1.883,11.401,9.753
Compass Renta Plus - Clase F,ARS,2026-05-08,2.0,31.908,1.884,11.403,9.751
MAF Gestión Activa - Clase E,ARS,2026-05-08,2.0,6.72,,,
MAF Gestión Activa - Clase F,ARS,2026-05-08,2.0,6.53,,,
Allaria Dólar Ahorro Plus - Clase A,USD,2026-05-08,1.0,1081.792,0.029,1.867,6.606
Allaria Dólar Ahorro Plus - Clase B,USD,2026-05-08,1.0,1084.423,0.034,1.956,6.825
Allaria Dólar Ahorro Plus - Clase C,USD,2026-05-08,1.0,1082.214,0.035,1.992,6.96
Allaria Dólar Ahorro Plus - Clase Ley N° 27.743,USD,2026-05-08,1.0,1056.064,,,
Allaria Renta Mixta Dólares - Clase A,USD,2026-05-08,1.0,1000,0.0,0.0,0.0
Allaria Renta Mixta Dólares - Clase B,USD,2026-05-08,1.0,476.994,-0.985,2.746,21.193
Allaria Renta Mixta Dólares - Clase C,USD,2026-05-08,1.0,976.884,0.0,0.0,0.0
Consultatio Gestion II - Clase A,USD,2026-05-08,2.0,1045.127,-0.027,3.197,-0.299
Consultatio Gestion II - Clase B,USD,2026-05-08,2.0,1057.538,-0.051,2.758,-1.503
Consultatio Gestion II - Clase C,USD,2026-05-08,2.0,1045.127,-0.027,3.197,-0.299
Consultatio Gestion II - Clase D,USD,2026-05-08,2.0,1045.127,-0.027,3.197,-0.299
Fima Mix Dólares - Clase A,USD,2026-05-08,1.0,1465.327,1.704,4.111,13.369
Fima Mix Dólares - Clase B,USD,2026-05-08,1.0,1469.94,1.707,4.167,13.542
Fima Mix Dólares - Clase C,USD,2026-05-08,1.0,1474.569,1.71,4.222,13.714
Fima Mix Dólares - Clase L Ley N° 27.743,USD,2026-05-08,1.0,1276.089,,,
IAM Renta Global - Clase A,USD,2026-05-08,3.0,1000,0.0,0.0,0.0
IAM Renta Global - Clase B,USD,2026-05-08,3.0,1052.118,1.743,4.453,10.659
IAM Renta Global - Clase C,USD,2026-05-08,3.0,1000,0.0,0.0,0.0
IAM Renta Global - Clase D,USD,2026-05-08,3.0,1000,0.0,0.0,0.0
IAM Renta Global - Clase Ley Nº 27.743,USD,2026-05-08,3.0,1000,0.0,0.0,0.0
Integrae SC Retorno Total - Clase C,ARS,2026-05-08,2.0,37660,,,
Integrae SC Retorno Total - Clase D,ARS,2026-05-08,2.0,37660,,,
MAF Renta Balanceada 2 - Clase G,ARS,2026-05-08,2.0,6.966,,,
MAF Renta Balanceada 2 - Clase H,ARS,2026-05-08,2.0,6.669,,,
Tandem Global - Clase A,USD,2026-05-08,1.0,1000,0.0,,
Tandem Global - Clase B,USD,2026-05-08,1.0,1000,0.0,,
Tandem Global - Clase C,USD,2026-05-08,1.0,1000,0.0,,
Tandem Global - Clase D,USD,2026-05-08,1.0,1014.192,0.624,,
Tandem Global - Clase E Ley N° 27.743,USD,2026-05-08,1.0,1000,0.0,,
Toronto Trust Ahorro Dólar - Clase A,USD,2026-05-08,1.0,1008.181,0.058,,
Toronto Trust Ahorro Dólar - Clase B,USD,2026-05-08,1.0,1008.124,0.06,,
Toronto Trust Ahorro Dólar - Clase C,USD,2026-05-08,1.0,1008.145,0.059,,
Toronto Trust Ahorro Dólar - Clase D,USD,2026-05-08,1.0,1000.643,0.059,,
Toronto Trust Renta Dólar - Clase A,USD,2026-05-08,1.0,1113.564,-0.233,3.181,6.874
Toronto Trust Renta Dólar - Clase B,USD,2026-05-08,1.0,1117.427,-0.231,3.218,6.981
Toronto Trust Renta Dólar - Clase C,USD,2026-05-08,1.0,1118.573,-0.23,3.236,7.034
Toronto Trust Renta Dólar - Clase Ley N° 27.743,USD,2026-05-08,1.0,1079.582,-0.233,3.181,6.873
Wise Capital Global Markets - Clase A,USD,2026-05-08,2.0,902.224,0.368,-1.741,-6.867
Wise Capital Global Markets - Clase B,USD,2026-05-08,2.0,931.354,0.368,-1.741,-6.705
Wise Capital Global Markets - Clase C,USD,2026-05-08,2.0,934.503,0.368,-1.887,-6.55
Wise Capital Global Markets - Clase H Ley N° 27.743,USD,2026-05-08,2.0,934.711,0.0,0.966,-4.877
Gainvest Global IV - Clase A,USD,2026-05-08,1.0,1000,0.0,0.0,0.0
Gainvest Global IV - Clase B,USD,2026-05-08,1.0,73.127,0.797,3.952,10.086
IEB Retorno Total - Clase D,ARS,2026-05-08,2.0,10.492,-0.351,6.13,-17.587
IEB Retorno Total - Clase E,ARS,2026-05-08,2.0,8.124,-0.356,6.127,-17.59
IEB Retorno Total - Clase F,ARS,2026-05-08,2.0,1000,0.0,0.0,0.0
Max Estrategico III - Clase A,USD,2026-05-08,1.0,1000,0.0,0.0,0.0
Max Estrategico III - Clase B,USD,2026-05-08,1.0,1000,0.0,0.0,0.0
Max Estrategico III - Clase C,USD,2026-05-08,1.0,1000,0.0,0.0,0.0
Max Estrategico III - Clase D,USD,2026-05-08,1.0,1000,0.0,0.0,0.0
Max Estrategico III - Clase E Ley N° 27.743,USD,2026-05-08,1.0,1000,0.0,0.0,0.0
Max Estrategico IV - Clase A,USD,2026-05-08,2.0,1000,0.0,0.0,0.0
Max Estrategico IV - Clase B,USD,2026-05-08,2.0,1000,0.0,0.0,0.0
Max Estrategico IV - Clase C,USD,2026-05-08,2.0,1000,0.0,0.0,0.0
Max Estrategico IV - Clase D,USD,2026-05-08,2.0,1000,0.0,0.0,0.0
Max Estrategico IV - Clase E Ley N° 27.743,USD,2026-05-08,2.0,1000,0.0,0.0,0.0
IEB Multiestrategia - Clase D,ARS,2026-05-08,2.0,1000,0.0,0.0,0.0
IEB Multiestrategia - Clase E,ARS,2026-05-08,2.0,0.685,0.884,2.545,-21.445
IEB Multiestrategia - Clase F,ARS,2026-05-08,2.0,1000,0.0,0.0,0.0
Supergestion - Clase K,ARS,2026-05-08,2.0,33586.368,0.389,5.377,49.51
Galileo Multi Strategy - Clase A,USD,2026-05-08,2.0,1433.594,0.193,7.722,10.097
Galileo Multi Strategy - Clase B,USD,2026-05-08,2.0,1319.745,0.202,7.974,10.818
Galileo Multi Strategy - Clase C Ley N° 27.743,USD,2026-05-08,2.0,1133.629,0.193,7.721,10.098
Galileo Multi Strategy II - Clase A,USD,2026-05-08,2.0,1128.832,0.477,4.631,8.885
Galileo Multi Strategy II - Clase B,USD,2026-05-08,2.0,1133.277,0.482,4.714,9.119
Galileo Multi Strategy II - Clase C Ley N°27.743,USD,2026-05-08,2.0,1106.036,0.477,4.63,8.884
Galileo Multi Strategy II - Clase D Ley N°27.743,USD,2026-05-08,2.0,1115.389,0.482,4.713,9.119
Schroder Retorno Total Cuatro - Clase A,USD,2026-05-08,1.0,1030.356,0.036,0.891,2.746
Schroder Retorno Total Cuatro - Clase B,USD,2026-05-08,1.0,1034.24,0.042,0.998,3.056
Schroder Retorno Total Cuatro - Clase D Ley N° 27.743,USD,2026-05-08,1.0,1027.692,0.036,0.891,2.747
Schroder Retorno Total Dos - Clase A,USD,2026-05-08,2.0,390.907,0.0,0.0,0.0
Schroder Retorno Total Dos - Clase B,USD,2026-05-08,2.0,378.317,1.16,2.116,8.343
Schroder Retorno Total Dos - Clase C,USD,2026-05-08,2.0,1000,0.0,0.0,0.0
Argenfunds Renta Mixta Plus - Clase A,USD,2026-05-08,1.0,1138.293,-0.204,1.366,4.04
Argenfunds Renta Mixta Plus - Clase B,USD,2026-05-08,1.0,999.638,-0.185,1.723,5.087
Premier Global Dolares - Clase A,USD,2026-05-08,1.0,1105.768,0.0,0.0,0.0
Premier Global Dolares - Clase B,USD,2026-05-08,1.0,715.485,-1.055,-14.305,-28.801
Premier Global Dolares - Clase C,USD,2026-05-08,1.0,1000,0.0,0.0,0.0
Quiron Latam en U$S - Clase A,USD,2026-05-08,1.0,1944.295,1.199,1.729,5.253
Quiron Latam en U$S - Clase B,USD,2026-05-08,1.0,1842.619,1.199,1.729,5.253
Quiron Latam en U$S - Clase Ley Nº 27.743,USD,2026-05-08,1.0,1947.538,1.199,1.729,5.253
SBS Renta Mixta - Clase A,USD,2026-05-08,2.0,1414.787,0.139,1.698,4.07
SBS Renta Mixta - Clase B,USD,2026-05-08,2.0,1468.566,0.139,1.698,4.07
SBS Renta Mixta - Clase Ley N° 27.743,USD,2026-05-08,2.0,1058.425,0.139,1.698,4.07
Renta Mixta Dolar Estadounidense Billete,,2026-05-08,,,,,
Axis Estrategia Dólar 5 - Clase A,USB,2026-05-08,2.0,1030.56,-0.135,2.903,
Axis Estrategia Dólar 5 - Clase B,USB,2026-05-08,2.0,1031.874,-0.127,3.047,
Axis Estrategia Dólar 5 - Clase C,USB,2026-05-08,2.0,1000,0.0,0.0,
Axis Estrategia Dólar 6 - Clase A,USB,2026-05-08,2.0,1000,0.0,0.0,
Axis Estrategia Dólar 6 - Clase B,USB,2026-05-08,2.0,1000,0.0,0.0,
Axis Estrategia Dólar 6 - Clase C,USB,2026-05-08,2.0,1034.164,0.416,3.231,
Axis Estrategia Dólar 7	- Clase A,USB,2026-05-08,2.0,1011.028,0.398,,
Axis Estrategia Dólar 7	- Clase B,USB,2026-05-08,2.0,1015.518,0.398,,
Axis Estrategia Dólar 7	- Clase C,USB,2026-05-08,2.0,1000,0.0,,
Pionero Dólar Dinámico - Clase D,USD,2026-05-08,1.0,1020.925,-0.055,,
Pionero Dólar Dinámico - Clase E,USD,2026-05-08,1.0,1065.914,0.0,,
Compass Renta Mixta Dólares III	- Clase A,USB,2026-05-08,2.0,1017.347,0.079,1.123,
Compass Renta Mixta Dólares III	- Clase B,USB,2026-05-08,2.0,1021.095,0.087,1.298,
Compass Renta Mixta Dólares III	- Clase C,USB,2026-05-08,2.0,1034.133,0.114,1.859,
Compass Renta Mixta Dólares III - Clase H Ley N° 27.743,USB,2026-05-08,2.0,1017.347,0.079,1.124,
Superfondo Multiactivos Dólar - Clase A,USB,2026-05-08,5.0,2000,,,
Superfondo Multiactivos Dólar - Clase B,USB,2026-05-08,5.0,2000,,,
Superfondo Multiactivos Dólar - Clase C,USB,2026-05-08,5.0,2000,,,
Superfondo Multiactivos Dólar - Clase D,USB,2026-05-08,5.0,2000,,,
Superfondo Multiactivos Dólar - Clase E,USB,2026-05-08,5.0,2000,,,
Superfondo Multiactivos Dólar - Clase F,USB,2026-05-08,5.0,2000,,,
Compass Renta Mixta Dólares II - Clase A,USB,2026-05-08,2.0,998.981,0.0,-0.07,
Compass Renta Mixta Dólares II - Clase B,USB,2026-05-08,2.0,985.38,-0.024,-0.572,
Compass Renta Mixta Dólares II - Clase C,USB,2026-05-08,2.0,998.981,0.0,-0.07,
PyMes Peso Argentina,,2026-05-08,,,,,
Axis Rosental FCI Abierto Pymes - Clase A,ARS,2026-05-08,1.0,2412.364,0.498,10.121,39.684
Axis Rosental FCI Abierto Pymes - Clase B,ARS,2026-05-08,1.0,7873.538,0.507,10.315,40.386
BAVSA Renta Balanceado IV - Clase A,ARS,2026-05-08,2.0,2210.824,0.5,11.037,34.212
BAVSA Renta Balanceado IV - Clase B,ARS,2026-05-08,2.0,2217.648,0.502,11.076,34.347
BAVSA Renta Balanceado IV - Clase C,ARS,2026-05-08,2.0,1000,0.0,0.0,0.0
BAVSA Renta Balanceado IV - Clase D,ARS,2026-05-08,2.0,1270.108,0.537,11.779,27.011
BAVSA Renta Balanceado IV - Clase F Ley Nº 27.743,ARS,2026-05-08,2.0,1446.084,,,
Ecopymes FCI Abierto Pymes - Clase A,ARS,2026-05-08,1.0,2853.299,0.448,9.411,44.165
Ecopymes FCI Abierto Pymes - Clase B,ARS,2026-05-08,1.0,3279.15,0.448,9.41,44.165
Optimum Abierto Pymes - Clase B,ARS,2026-05-08,1.0,16099.982,0.39,8.849,35.063
Optimum Abierto Pymes - Clase C,ARS,2026-05-08,1.0,17880.775,0.417,9.386,36.971
Optimum Abierto Pymes - Clase D,ARS,2026-05-08,1.0,1023.046,0.0,0.0,0.0
Optimum Abierto Pymes - Clase E,ARS,2026-05-08,1.0,1000,0.0,0.0,0.0
Parakeet Abierto Pymes - Clase A,ARS,2026-05-08,1.0,1475.617,0.466,10.849,41.846
Parakeet Abierto Pymes - Clase B,ARS,2026-05-08,1.0,1484.021,0.475,11.045,42.558
Argenfunds Abierto Pymes II - Clase A,ARS,2026-05-08,1.0,1000,0.0,0.0,0.0
Argenfunds Abierto Pymes II - Clase B,ARS,2026-05-08,1.0,1767.152,0.588,9.557,34.133
Gainvest PYMEs - Clase A,ARS,2026-05-08,1.0,29099.198,0.501,8.709,35.139
Gainvest PYMEs - Clase B,ARS,2026-05-08,1.0,132912.493,0.501,8.709,35.139
Gainvest PYMEs - Clase C,ARS,2026-05-08,1.0,11647.507,0.52,9.092,36.499
MAX Gestion Abierto Pyme I - Clase A,ARS,2026-05-08,1.0,1153.142,-0.002,2.942,
MAX Gestion Abierto Pyme I - Clase B,ARS,2026-05-08,1.0,4236.746,-0.002,2.063,29.065
MAX Gestion Abierto Pyme I - Clase E,ARS,2026-05-08,1.0,7455.5,-0.002,2.322,30.025
Novus Pyme Abierto - Clase A,ARS,2026-05-08,2.0,1088.185,0.589,8.819,8.819
Novus Pyme Abierto - Clase B,ARS,2026-05-08,2.0,1790.245,0.589,10.159,36.767
Novus Pyme Abierto - Clase C,ARS,2026-05-08,2.0,1080.545,0.0,0.0,0.0
Novus Pyme Abierto - Clase D,ARS,2026-05-08,2.0,1853.633,0.589,10.159,36.765
Novus Pyme Abierto - Clase E,ARS,2026-05-08,2.0,1000,0.0,0.0,0.0
Novus Pyme Abierto - Clase F,ARS,2026-05-08,2.0,1418.566,0.0,0.0,7.972
Novus Pyme Abierto - Clase G,ARS,2026-05-08,2.0,1000,0.0,0.0,0.0
Novus Pyme Abierto - Clase H,ARS,2026-05-08,2.0,1000,0.0,0.0,0.0
Quiron Pymes Capital Plus - Clase A,ARS,2026-05-08,1.0,6389.693,0.406,4.999,-3.767
Quiron Pymes Capital Plus - Clase B,ARS,2026-05-08,1.0,6520.498,0.406,4.999,-3.553
Quiron Pymes Capital Plus - Clase C,ARS,2026-05-08,1.0,6635.924,0.406,4.999,-3.37
SBS Tavelli Abierto Pymes - Clase P,ARS,2026-05-08,3.0,68300.734,0.445,10.537,36.896
Superfondo Empresas Args. Abierto Pymes - Clase A,ARS,2026-05-08,2.0,2000,,,
Superfondo Empresas Args. Abierto Pymes - Clase B,ARS,2026-05-08,2.0,2000,,,
Superfondo Empresas Args. Abierto Pymes - Clase C,ARS,2026-05-08,2.0,2000,,,
Alamerica Abierto Pymes - Clase A,ARS,2026-05-08,1.0,1014.94,0.0,0.0,0.0
Alamerica Abierto Pymes - Clase B,ARS,2026-05-08,1.0,15010.998,0.591,10.219,40.987
Alamerica Abierto Pymes - Clase C,ARS,2026-05-08,1.0,1000,0.0,0.0,0.0
Alamerica Abierto Pymes - Clase D,ARS,2026-05-08,1.0,1000,0.0,0.0,0.0
Allaria Abierto Pymes - Clase A,ARS,2026-05-08,1.0,32716.879,0.514,10.314,38.464
Allaria Abierto Pymes - Clase B,ARS,2026-05-08,1.0,183257.017,0.514,10.314,38.464
Allaria Abierto Pymes - Clase C,ARS,2026-05-08,1.0,57540.662,0.514,10.314,38.464
Balanz Capital Abierto Pymes FCI - Clase A,ARS,2026-05-08,1.0,21507.758,0.518,10.017,36.574
Balanz Capital Abierto Pymes FCI - Clase B,ARS,2026-05-08,1.0,69524.9,0.526,10.171,37.122
Balanz Capital Abierto Pymes FCI - Clase C,ARS,2026-05-08,1.0,69525.002,0.526,10.171,37.122
Balanz Capital Abierto Pymes FCI - Clase D,ARS,2026-05-08,1.0,1000,0.0,0.0,0.0
Balanz Capital Abierto Pymes FCI - Clase E,ARS,2026-05-08,1.0,1000,0.0,0.0,0.0
Delta Empresas Argentinas Pymes - Clase A,ARS,2026-05-08,1.0,3436.698,0.421,9.642,10.058
Delta Empresas Argentinas Pymes - Clase B,ARS,2026-05-08,1.0,160601.479,0.46,11.025,33.647
Delta Empresas Argentinas Pymes - Clase E,ARS,2026-05-08,1.0,25224.664,0.474,11.318,34.653
Fima FCI Abierto Pymes - Clase A,ARS,2026-05-08,1.0,78417.213,0.502,10.63,39.76
Fima FCI Abierto Pymes - Clase B,ARS,2026-05-08,1.0,81675.621,0.506,10.728,40.115
Fima FCI Abierto Pymes - Clase C,ARS,2026-05-08,1.0,86322.644,0.511,10.827,40.471
IEB Pyme - Clase A,ARS,2026-05-08,2.0,9157.05,0.345,9.347,32.435
IEB Pyme - Clase B,ARS,2026-05-08,2.0,12496.08,0.345,9.347,32.436
IEB Pyme - Clase C,ARS,2026-05-08,2.0,1000,0.0,0.0,0.0
IEB Pyme - Clase Ley N° 27.743,ARS,2026-05-08,2.0,1000,0.0,0.0,0.0
MEGAQM Cobertura FCIA Pymes - Clase A,ARS,2026-05-08,1.0,1000,0.0,0.0,0.0
MEGAQM Cobertura FCIA Pymes - Clase B,ARS,2026-05-08,1.0,1594.548,0.549,-0.786,28.905
Pionero Empresas FCI Abierto Pymes -  Clase A,ARS,2026-05-08,2.0,70734.292,0.406,9.265,35.887
Pionero Empresas FCI Abierto Pymes - Clase B,ARS,2026-05-08,2.0,73571.629,0.436,9.878,38.047
SBS Abierto Pymes - Clase A,ARS,2026-05-08,1.0,32988.11,0.611,8.494,23.499
SBS Abierto Pymes - Clase B,ARS,2026-05-08,1.0,97586.067,0.638,9.01,25.182
SBS Abierto Pymes - Clase Ley N° 27.743,ARS,2026-05-08,1.0,1000,0.0,0.0,0.0
Toronto Trust Abierto Pymes - Clase A,ARS,2026-05-08,1.0,1385.697,0.48,10.7,38.57
Toronto Trust Abierto Pymes - Clase B,ARS,2026-05-08,1.0,86539.346,0.468,10.467,38.981
Toronto Trust Abierto Pymes - Clase C,ARS,2026-05-08,1.0,56250.556,0.0,0.0,0.0
Zofingen Factoring Abierto Pyme - Clase A,ARS,2026-05-08,1.0,36727.541,0.588,10.56,35.258
Zofingen Factoring Abierto Pyme - Clase B,ARS,2026-05-08,1.0,70871.142,0.558,10.129,33.871
Zofingen Factoring Abierto Pyme - Clase C,ARS,2026-05-08,1.0,3831.801,0.583,10.464,34.91
1822 Raices Abierto Pymes,ARS,2026-05-08,1.0,9044225.371,0.292,9.496,40.651
Abierto Momentum Pymes - Clase A,ARS,2026-05-08,1.0,1371.505,0.505,11.393,41.153
Abierto Momentum Pymes - Clase B,ARS,2026-05-08,1.0,1643.433,0.505,11.394,41.154
Abierto Momentum Pymes - Clase C,ARS,2026-05-08,1.0,1655.64,0.505,11.393,41.154
Abierto Momentum Pymes - Clase D Ley N° 27.743,ARS,2026-05-08,1.0,1102.488,0.0,5.267,
Abierto Pymes Veta - Clase A,ARS,2026-05-08,1.0,12287.543,1.975,10.971,33.899
Abierto Pymes Veta - Clase B,ARS,2026-05-08,1.0,12483.345,1.977,11.01,34.033
Abierto Pymes Veta - Clase C,ARS,2026-05-08,1.0,3714.138,1.988,11.232,34.814
Adcap Cima Abierto Pymes - Clase A,ARS,2026-05-08,2.0,20765.172,0.542,10.482,40.531
Adcap Cima Abierto Pymes - Clase B,ARS,2026-05-08,2.0,1593.734,0.574,11.121,42.879
Adcap Financiamiento Abierto Pymes - Clase A,ARS,2026-05-08,2.0,54993.894,0.413,8.236,27.415
Adcap Financiamiento Abierto Pymes - Clase B,ARS,2026-05-08,2.0,49837.432,0.414,8.255,27.479
Adcap Financiamiento Abierto Pymes - Clase C,ARS,2026-05-08,2.0,52294.386,0.419,8.349,27.796
Adcap Financiamiento Abierto Pymes - Clase Ley Nº 27.743,ARS,2026-05-08,2.0,1516.012,,,
Adcap S&C Renta Corporativa Corto Plazo Abierto Pymes - Clase A,ARS,2026-05-08,2.0,11568.082,0.592,12.134,38.785
Adcap S&C Renta Corporativa Corto Plazo Abierto Pymes - Clase B,ARS,2026-05-08,2.0,11568.163,0.592,12.135,38.785
Adcap S&C Renta Corporativa Corto Plazo Abierto Pymes - Clase C,ARS,2026-05-08,2.0,11819.776,0.592,12.134,38.785
Adcap S&C Renta Corporativa Corto Plazo Abierto Pymes - Clase Ley Nº 27.743,ARS,2026-05-08,2.0,1648.058,,,
Allaria Pyme Selection - Clase A,ARS,2026-05-08,1.0,1000,0.0,0.0,0.0
Allaria Pyme Selection - Clase B,ARS,2026-05-08,1.0,3866.199,0.0,0.708,0.708
Allaria Pyme Selection - Clase C,ARS,2026-05-08,1.0,5668.831,0.469,9.849,32.63
Allaria Unicred Abierto Pymes FCI - Clase A,ARS,2026-05-08,1.0,21175.248,0.571,10.429,37.937
Allaria Unicred Abierto Pymes FCI - Clase B,ARS,2026-05-08,1.0,21290.761,0.571,10.429,37.937
Allaria Unicred Abierto Pymes FCI - Clase C,ARS,2026-05-08,1.0,1000,0.0,0.0,0.0
Allaria Unicred Abierto Pymes FCI - Clase D,ARS,2026-05-08,1.0,1000,0.0,0.0,0.0
Allaria Unicred Abierto Pymes FCI - Clase Ley N° 27.743,ARS,2026-05-08,1.0,1000,,,
Alpha Abierto Pymes - Clase A,ARS,2026-05-08,1.0,11905.156,0.378,9.948,35.988
Alpha Abierto Pymes - Clase B,ARS,2026-05-08,1.0,11058.526,0.359,9.563,34.635
Alpha Abierto Pymes - Clase C,ARS,2026-05-08,1.0,9043.042,0.363,9.64,34.905
Alpha Abierto Pymes - Clase D,ARS,2026-05-08,1.0,1098.579,0.324,0.405,5.224
Alpha Abierto Pymes - Clase E,ARS,2026-05-08,1.0,8150.01,0.407,10.528,38.044
Alpha Abierto Pymes - Clase J,ARS,2026-05-08,1.0,1040.744,0.0,0.0,0.0
Alpha Abierto Pymes - Clase K,ARS,2026-05-08,1.0,1039.988,0.0,0.0,0.0
Apolo Pymes - Clase B,ARS,2026-05-08,1.0,1165.2,0.422,6.082,6.082
Argenfunds Abierto Pymes - Clase A,ARS,2026-05-08,1.0,1452.025,0.589,10.259,37.079
Argenfunds Abierto Pymes - Clase B,ARS,2026-05-08,1.0,25536.372,0.61,10.686,38.601
Axis Abierto Pymes 3 - Clase A,ARS,2026-05-08,1.0,1127.07,0.491,2.757,
Axis Abierto Pymes 3 - Clase B,ARS,2026-05-08,1.0,1274.646,0.491,9.205,
Axis Abierto Pymes 3 - Clase C,ARS,2026-05-08,1.0,1000,0.0,0.0,
Axis Abierto Pymes 3 - Clase X Ley N° 27.743,ARS,2026-05-08,1.0,1000,0.0,0.0,
Axis Abierto Pymes 3 - Clase Y Ley N° 27.743,ARS,2026-05-08,1.0,1261.13,0.491,9.205,
Axis FCIA Pymes 1 - Clase A,ARS,2026-05-08,1.0,1725.309,0.312,9.213,41.663
Axis FCIA Pymes 1 - Clase B,ARS,2026-05-08,1.0,1734.827,0.312,9.212,41.661
Axis Gestión 1 - Clase A,ARS,2026-05-08,1.0,1000,0.0,0.0,
Axis Gestión 1 - Clase B,ARS,2026-05-08,1.0,1236.947,0.0,0.212,
Axis Gestión 1 - Clase C,ARS,2026-05-08,1.0,1061.986,0.284,6.199,
Axis Gestión 1 - Clase X Ley N° 27.743,ARS,2026-05-08,1.0,1000,0.0,0.0,
Axis Gestión 1 - Clase Y Ley N° 27.743,ARS,2026-05-08,1.0,1000,0.0,0.0,
Axis IMSA FCI Abierto Pymes Federal Argentina - Clase A,ARS,2026-05-08,1.0,6412.736,0.593,12.607,43.616
Axis IMSA FCI Abierto Pymes Federal Argentina - Clase B,ARS,2026-05-08,1.0,6674.83,0.603,12.805,44.337
Axis IMSA FCI Abierto Pymes Federal Argentina - Clase X Ley N° 27.743,ARS,2026-05-08,1.0,1861.275,0.593,12.607,43.616
Axis IMSA FCI Abierto Pymes Federal Argentina - Clase Y Ley N° 27.743,ARS,2026-05-08,1.0,1876.348,0.603,12.805,44.336
Axis Producir FCIA Pymes - Clase A,ARS,2026-05-08,2.0,1000,0.0,0.0,0.0
Axis Producir FCIA Pymes - Clase B,ARS,2026-05-08,2.0,1648.056,0.535,7.426,31.673
Bull Market Abierto Pymes - Clase A,ARS,2026-05-08,1.0,1094.063,0.0,7.662,
Bull Market Abierto Pymes - Clase B,ARS,2026-05-08,1.0,1080.766,0.36,8.275,
Chaco FCI Abierto Pymes - Clase A,ARS,2026-05-08,1.0,3298.81,0.565,10.597,39.52
Chaco FCI Abierto Pymes - Clase B,ARS,2026-05-08,1.0,44635.916,0.565,10.597,39.52
Champaquí FCI Abierto Pymes - Clase B,ARS,2026-05-08,2.0,15551.788,0.443,12.083,41.248
Champaquí FCI Abierto Pymes - Clase D,ARS,2026-05-08,2.0,6220.874,0.468,12.589,43.075
CMA Abierto Pymes,ARS,2026-05-08,3.0,34459.743,,,
Compass Argentina Abierto PyMEs - Clase A,ARS,2026-05-08,2.0,182674.928,0.279,6.839,28.963
Compass Argentina Abierto PyMEs - Clase B,ARS,2026-05-08,2.0,200612.667,0.312,7.581,31.561
Compass Argentina Abierto PyMEs - Clase C,ARS,2026-05-08,2.0,208529.274,0.324,7.84,32.48
Consultatio Abierto Pymes - Clase A,ARS,2026-05-08,3.0,89038.127,0.531,8.777,35.23
Consultatio Abierto Pymes - Clase B,ARS,2026-05-08,3.0,88192.816,0.531,8.777,35.68
Consultatio Abierto Pymes - Clase C,ARS,2026-05-08,3.0,22382.016,0.572,9.586,38.58
Dracma Abierto Pymes - Clase A,ARS,2026-05-08,1.0,2556.191,0.501,10.371,37.919
Dracma Abierto Pymes - Clase B,ARS,2026-05-08,1.0,4839.717,0.501,10.371,37.917
Dracma Abierto Pymes - Clase C,ARS,2026-05-08,1.0,1000,0.0,0.0,0.0
Dracma Abierto Pymes - Clase D,ARS,2026-05-08,1.0,1000,0.0,0.0,0.0
Dracma Abierto Pymes - Clase E Ley N° 27.743,ARS,2026-05-08,1.0,1000,0.0,0.0,0.0
FCI Abierto Pymes Potencia Pyme - Clase A,ARS,2026-05-08,2.0,1001.116,0.0,0.0,0.0
FCI Abierto Pymes Potencia Pyme - Clase B,ARS,2026-05-08,2.0,1.29,-0.077,-5.633,-83.617
FCI Abierto Pymes Potencia Pyme - Clase C,ARS,2026-05-08,2.0,1000,0.0,0.0,0.0
First Abierto Pymes - Clase A,ARS,2026-05-08,1.0,1011.64,0.0,0.0,0.0
First Abierto Pymes - Clase B,ARS,2026-05-08,1.0,1590.865,0.0,0.0,0.0
First Abierto Pymes - Clase C,ARS,2026-05-08,1.0,22099.725,0.413,9.828,43.503
First Abierto Pymes - Clase D,ARS,2026-05-08,1.0,1000,0.0,0.0,0.0
Fundcorp Capital Abierto Pymes - Clase A,ARS,2026-05-08,1.0,6798.402,0.339,15.305,48.852
Fundcorp Capital Abierto Pymes - Clase B,ARS,2026-05-08,1.0,16518.035,0.347,15.466,49.45
Fundcorp Capital Abierto Pymes - Clase C,ARS,2026-05-08,1.0,16809.602,0.354,15.607,49.975
Galileo FCI Abierto Pymes - Clase B,ARS,2026-05-08,1.0,127902.09,0.518,9.244,27.662
Gestionar Abierto Pymes - Clase A,ARS,2026-05-08,2.0,1000,,,
Gestionar Abierto Pymes - Clase B,ARS,2026-05-08,2.0,4837.395,,,
IAM Dinámico FCI Abierto Pymes - Clase B,ARS,2026-05-08,1.0,1634.755,0.61,11.281,34.889
IAM FCI Abierto Pymes - Clase A,ARS,2026-05-08,2.0,1133.782,0.661,0.902,0.902
IAM FCI Abierto Pymes - Clase B,ARS,2026-05-08,2.0,90987.237,0.669,11.747,40.449
IAM FCI Abierto Pymes - Clase C,ARS,2026-05-08,2.0,9231.39,0.671,11.759,40.492
IAM FCI Abierto Pymes - Clase D,ARS,2026-05-08,2.0,1000,0.0,0.0,0.0
Julio A. Roca Abierto Pymes - Clase A,ARS,2026-05-08,2.0,4366.532,-0.445,12.356,40.473
Lombard Abierto Pymes,ARS,2026-05-08,1.0,8335.324,0.444,10.481,37.044
MAF Abiertos Pymes - Clase A,ARS,2026-05-08,2.0,1000,,,
MAF Abiertos Pymes - Clase B,ARS,2026-05-08,2.0,1000,,,
MAF Abiertos Pymes - Clase C,ARS,2026-05-08,2.0,23458.658,-0.53,10.241,42.102
MAF Abiertos Pymes - Clase D,ARS,2026-05-08,2.0,1000,,,
MAF Abiertos Pymes - Clase E,ARS,2026-05-08,2.0,1000,,,
MAF Abiertos Pymes - Clase F,ARS,2026-05-08,2.0,1000,,,
MAF Empresas Pymes,ARS,2026-05-08,2.0,103206.944,0.427,9.608,34.986
MEGAQM Empresas Argentinas FCIA Pymes - Clase A,ARS,2026-05-08,1.0,99954.59,0.562,9.83,36.168
MEGAQM Empresas Argentinas FCIA Pymes - Clase B,ARS,2026-05-08,1.0,99954.807,0.562,9.83,36.168
Pellegrini Empresas Argentinas PyMES,ARS,2026-05-08,1.0,99737.282,0.575,11.792,38.711
Premier Abierto Pymes - Clase A,ARS,2026-05-08,1.0,122895.364,0.435,12.156,44.88
Premier Abierto Pymes - Clase B,ARS,2026-05-08,1.0,83222.655,0.42,11.841,43.723
Premier Abierto Pymes - Clase C,ARS,2026-05-08,1.0,1000,0.0,0.0,0.0
Quiron Agro Pymes - Clase A,ARS,2026-05-08,1.0,8682.102,0.476,7.39,30.812
Quiron Agro Pymes - Clase B,ARS,2026-05-08,1.0,8682.102,0.476,7.39,30.812
Quiron Agro Pymes - Clase C,ARS,2026-05-08,1.0,9303.15,0.508,8.014,33.021
Quiron PYMEs - Clase A,ARS,2026-05-08,1.0,38843.227,0.731,13.591,45.548
Quiron PYMEs - Clase B,ARS,2026-05-08,1.0,35611.705,0.68,12.55,41.715
Schroder Desarrollo y Crecimiento PyMEs - Clase A,ARS,2026-05-08,1.0,405.765,0.0,0.0,0.0
Schroder Desarrollo y Crecimiento PyMEs - Clase B,ARS,2026-05-08,1.0,13918.843,0.514,9.088,29.807
Schroder Desarrollo y Crecimiento PyMEs - Clase C,ARS,2026-05-08,1.0,14249.441,0.541,9.633,31.666
Schroder Desarrollo y Crecimiento PyMEs - Clase D,ARS,2026-05-08,1.0,14614.182,0.525,9.318,30.59
ST Abierto Pymes - Clase A,ARS,2026-05-08,2.0,5353.215,,,
ST Abierto Pymes - Clase B,ARS,2026-05-08,2.0,30752,,,
ST Abierto Pymes - Clase C,ARS,2026-05-08,2.0,3285.525,,,
ST Abierto Pymes - Clase D,ARS,2026-05-08,2.0,19332.897,,,
Valiant Abierto Pymes - Clase A,ARS,2026-05-08,3.0,18478.964,0.453,8.952,37.195
Valiant Abierto Pymes - Clase B,ARS,2026-05-08,3.0,2069.464,0.415,6.778,11.496
Max Abierto PyMEs - Clase A,ARS,2026-05-08,2.0,1859.889,0.552,10.675,37.233
Max Abierto PyMEs - Clase B,ARS,2026-05-08,2.0,4885.056,0.557,10.779,37.585
Max Abierto PyMEs - Clase C,ARS,2026-05-08,2.0,1000,0.0,0.0,0.0
Max Abierto PyMEs - Clase D,ARS,2026-05-08,2.0,1000,0.0,0.0,0.0
Alycbur FCI Abierto Pymes - Clase A,ARS,2026-05-08,1.0,13099.922,0.475,10.628,37.433
Alycbur FCI Abierto Pymes - Clase B,ARS,2026-05-08,1.0,13099.924,0.475,10.628,37.433
Alycbur FCI Abierto Pymes - Clase C,ARS,2026-05-08,1.0,13529.457,0.475,10.628,37.433
Alycbur FCI Abierto Pymes - Clase Ley Nº 27.743,ARS,2026-05-08,1.0,1647.223,,,
First Abierto Pymes II - Clase A,ARS,2026-05-08,1.0,4814.017,0.0,0.0,7.211
First Abierto Pymes II - Clase B,ARS,2026-05-08,1.0,10767.83,0.55,10.597,36.307
First Abierto Pymes II - Clase C,ARS,2026-05-08,1.0,3738.451,0.0,0.0,0.0
First Abierto Pymes II - Clase D,ARS,2026-05-08,1.0,3552.591,0.573,11.064,37.954
PyMes Dolar Estadounidense,,2026-05-08,,,,,
Argenfunds Abierto Pymes - Clase C,ARS,2026-05-08,1.0,0.576,1.053,3.784,-19.441
Argenfunds Abierto Pymes - Clase D,ARS,2026-05-08,1.0,0.828,1.099,3.759,-19.455
Compass Argentina Abierto PyMEs - Clase D,ARS,2026-05-08,2.0,135.441,1.346,11.174,5.671
Compass Argentina Abierto PyMEs - Clase E,ARS,2026-05-08,2.0,13.487,0.996,2.578,-22.666
Compass Argentina Abierto PyMEs - Clase F,ARS,2026-05-08,2.0,157.229,1.346,11.174,5.671
MAF Abiertos Pymes - Clase H,ARS,2026-05-08,2.0,6.669,,,
PyMes Dolar Estadounidense Billete,,2026-05-08,,,,,
MAF Abiertos Pymes - Clase G,ARS,2026-05-08,2.0,1000,,,
Infraestructura Peso Argentina,,2026-05-08,,,,,
Desarrollo Argentino I FCI Abierto para el Fin. de la Infra. y la Econ. Real - Clase D,ARS,2026-05-08,2.0,73786.937,0.128,1.306,35.262
Desarrollo Argentino I FCI Abierto para el Fin. de la Infra. y la Econ. Real - Clase E,ARS,2026-05-08,2.0,2203032.659,0.145,1.655,36.614
Desarrollo Argentino I FCI Abierto para el Fin. de la Infra. y la Econ. Real - Clase F,ARS,2026-05-08,2.0,2360570.633,0.152,1.795,37.158
Gainvest Infraestructura FCI Abierto - Clase A,ARS,2026-05-08,1.0,161087.631,-0.066,0.79,27.75
Gainvest Infraestructura FCI Abierto - Clase B,ARS,2026-05-08,1.0,170569.289,-0.066,0.789,27.75
Gainvest Infraestructura FCI Abierto - Clase C,ARS,2026-05-08,1.0,48280.395,-0.047,1.144,29.037
Pellegrini Desarrollo Arg. Infraest. - Clase A,ARS,2026-05-08,1.0,1129.332,0.0,0.0,0.0
Pellegrini Desarrollo Arg. Infraest. - Clase B,ARS,2026-05-08,1.0,188541.949,1.001,1.322,36.827
Allaria Desarrollo e Infraestructura - Clase A,ARS,2026-05-08,1.0,6868.828,0.223,5.285,46.882
Allaria Desarrollo e Infraestructura - Clase B,ARS,2026-05-08,1.0,129357.499,0.223,5.285,46.882
Allaria Desarrollo e infraestructura - Clase C,ARS,2026-05-08,1.0,21999.589,0.0,-2.493,36.031
Balanz Crecimiento FCI Ab para Financ Infra y Econ Real - Clase A,ARS,2026-05-08,1.0,1274.185,-0.9,0.484,34.197
Balanz Crecimiento FCI Ab para Financ Infra y Econ Real - Clase B,ARS,2026-05-08,1.0,1286.288,-0.89,0.66,34.871
Balanz Crecimiento FCI Ab para Financ Infra y Econ Real - Clase C,ARS,2026-05-08,1.0,1000,0.0,0.0,0.0
Balanz Crecimiento FCI Ab para Financ Infra y Econ Real - Clase L Ley N°27.743,ARS,2026-05-08,1.0,980.048,0.0,-0.075,-0.075
Balanz Desarrollo FCI Ab para Financ Infra y Econ Real - Clase A,ARS,2026-05-08,1.0,2218.263,-0.831,-1.177,33.069
Balanz Desarrollo FCI Ab para Financ Infra y Econ Real - Clase B,ARS,2026-05-08,1.0,2247.726,-0.822,-1.004,33.737
Balanz Desarrollo FCI Ab para Financ Infra y Econ Real - Clase C,ARS,2026-05-08,1.0,1000,0.0,0.0,0.0
Balanz Desarrollo FCI Ab para Financ Infra y Econ Real - Clase L Ley N°27.743,ARS,2026-05-08,1.0,1118.659,0.0,0.0,0.0
Consultatio Infraestructura - Clase A,ARS,2026-05-08,1.0,3278.64,-0.695,2.49,29.303
Consultatio Infraestructura - Clase B,ARS,2026-05-08,1.0,16205.453,-0.692,2.561,29.562
Consultatio Infraestructura - Clase C,ARS,2026-05-08,1.0,16206.192,-0.688,2.634,29.822
Delta Crecimiento Infraestructura - Clase A,ARS,2026-05-08,1.0,1056.159,0.0,0.0,0.0
Delta Crecimiento Infraestructura - Clase B,ARS,2026-05-08,1.0,126139.852,1.099,7.247,18.542
Desarrollo Argentino II FCI Abierto para el Fin. de la Infra. y la Econ. Real - Clase A,ARS,2026-05-08,2.0,1028416.918,0.006,1.379,34.602
Desarrollo Argentino II FCI Abierto para el Fin. de la Infra. y la Econ. Real - Clase B,ARS,2026-05-08,2.0,1199320.449,0.023,1.728,35.948
Desarrollo Argentino II FCI Abierto para el Fin. de la Infra. y la Econ. Real - Clase C,ARS,2026-05-08,2.0,1433035.883,0.061,2.535,39.092
Desarrollo Argentino III FCI Abierto para el Fin. de la Infra. y la Econ. Real - Clase A,ARS,2026-05-08,2.0,1451.845,0.738,3.447,34.792
Desarrollo Argentino III FCI Abierto para el Fin. de la Infra. y la Econ. Real - Clase B,ARS,2026-05-08,2.0,1422.629,0.754,3.732,33.157
Desarrollo Argentino III FCI Abierto para el Fin. de la Infra. y la Econ. Real - Clase C,ARS,2026-05-08,2.0,1467.392,0.793,4.555,36.236
HF Infraestructura II - Clase I,ARS,2026-05-08,2.0,7757.227,1.394,12.032,42.972
MEGAQM FCI Abierto Financiamiento de Infraestructura - Clase A,ARS,2026-05-08,2.0,15226.469,0.383,1.872,31.428
MEGAQM FCI Abierto Financiamiento de Infraestructura - Clase B,ARS,2026-05-08,2.0,97860.203,0.39,2.005,31.918
MEGAQM FCI Abierto Financiamiento de Infraestructura - Clase Ley N° 27.743,ARS,2026-05-08,2.0,1000,0.0,0.0,0.0
Pionero Infraestructura - Clase A,ARS,2026-05-08,2.0,5461.514,0.431,-1.088,27.949
Pionero Infraestructura - Clase B,ARS,2026-05-08,2.0,5758.091,0.448,-0.771,29.108
Pionero Infraestructura - Clase C,ARS,2026-05-08,2.0,1000,0.0,0.0,0.0
SBS Desarrollo Infraestructura - Clase A,ARS,2026-05-08,1.0,73796.579,0.247,1.207,30.687
SBS Desarrollo Infraestructura - Clase B,ARS,2026-05-08,1.0,283097.936,0.273,1.688,32.467
SBS Desarrollo Infraestructura - Clase Ley N° 27.743,ARS,2026-05-08,1.0,1000,0.0,0.0,0.0
Schroder Infraestructura - Clase A,ARS,2026-05-08,1.0,52015.412,-0.061,1.845,35.935
Schroder Infraestructura - Clase B,ARS,2026-05-08,1.0,59839.916,-0.044,2.168,37.168
Schroder Infraestructura - Clase C,ARS,2026-05-08,1.0,603.649,0.0,0.0,0.0
Schroder Infraestructura - Clase D,ARS,2026-05-08,1.0,63266.854,-0.03,2.419,38.133
Schroder Infraestructura - Clase E Ley N° 27.743,ARS,2026-05-08,1.0,1348.247,0.0,-0.611,32.657
Zofingen Infraestructura - Clase A,ARS,2026-05-08,2.0,2808.665,0.591,0.467,18.678
Zofingen Infraestructura - Clase B,ARS,2026-05-08,2.0,2813.953,0.584,0.375,18.37
Zofingen Infraestructura - Clase C,ARS,2026-05-08,2.0,1000,0.0,0.0,0.0
1822 Raices Infraestructura,ARS,2026-05-08,1.0,7231.068,0.254,3.531,30.428
Adcap Desarrollo e Infraestructura - Clase A,ARS,2026-05-08,2.0,5605.859,0.274,4.393,30.127
Adcap Desarrollo e Infraestructura - Clase B,ARS,2026-05-08,2.0,5484.521,0.278,4.467,30.388
Adcap Desarrollo e Infraestructura - Clase C,ARS,2026-05-08,2.0,5532.05,0.283,4.562,30.728
Adcap Desarrollo e Infraestructura - Clase G,ARS,2026-05-08,2.0,4489.875,,,
Adcap Desarrollo e Infraestructura - Clase Ley Nº 27.743,ARS,2026-05-08,2.0,1194.12,,,
Alpha Infraestructura - Clase A,ARS,2026-05-08,1.0,16215.193,1.262,0.648,24.655
Alpha Infraestructura - Clase B,ARS,2026-05-08,1.0,2882.754,1.242,0.296,23.414
Alpha Infraestructura - Clase C,ARS,2026-05-08,1.0,3032.586,1.246,0.366,23.662
Alpha Infraestructura - Clase D,ARS,2026-05-08,1.0,1106.436,1.258,0.416,10.644
Alpha Infraestructura - Clase E,ARS,2026-05-08,1.0,10268.249,1.291,1.179,26.54
Alpha Infraestructura - Clase J,ARS,2026-05-08,1.0,1012.99,0.0,0.0,0.0
Alpha Infraestructura - Clase K,ARS,2026-05-08,1.0,4269.958,1.242,0.296,23.415
Argenfunds Infraestructura - Clase A,ARS,2026-05-08,1.0,1000,0.0,0.0,0.0
Argenfunds Infraestructura - Clase B,ARS,2026-05-08,1.0,985.732,0.0,0.0,0.0
Argenfunds Infraestructura - Clase C,ARS,2026-05-08,1.0,1580.128,1.248,9.732,34.413
Balanz Infraestructura - Clase A,ARS,2026-05-08,1.0,10638.546,0.678,6.768,44.138
Balanz Infraestructura - Clase B,ARS,2026-05-08,1.0,5097.88,0.846,4.566,21.517
Balanz Infraestructura - Clase C,ARS,2026-05-08,1.0,19249.46,0.696,7.104,45.443
Balanz Infraestructura - Clase D,ARS,2026-05-08,1.0,3830.726,0.704,7.253,46.027
Balanz Infraestructura - Clase E,ARS,2026-05-08,1.0,1000,0.0,0.0,0.0
Balanz Infraestructura - Clase F,ARS,2026-05-08,1.0,1000,0.0,0.0,0.0
Balanz Infraestructura - Clase L Ley Nº 27.743,ARS,2026-05-08,1.0,1512.037,0.0,0.982,36.288
Chaco FCI Abierto Infraestructura - Clase A,ARS,2026-05-08,1.0,4371.121,1.405,6.738,43.0
Chaco FCI Abierto Infraestructura - Clase B,ARS,2026-05-08,1.0,89222.445,1.405,6.738,43.0
Toronto Trust Infraestructura - Clase A,ARS,2026-05-08,1.0,1504.903,1.038,4.334,30.306
Toronto Trust Infraestructura - Clase B,ARS,2026-05-08,1.0,1653.285,1.042,4.408,30.338
Toronto Trust Infraestructura - Clase C,ARS,2026-05-08,1.0,922.1,1.038,4.215,-7.79
Toronto Trust Infraestructura - Clase Ley N° 27.743,ARS,2026-05-08,1.0,1000,0.0,0.0,0.0
Infraestructura Dolar Estadounidense,,2026-05-08,,,,,
Desarrollo Argentino I FCI Abierto para el Fin. de la Infra. y la Econ. Real - Clase A,ARS,2026-05-08,2.0,1467.784,1.179,5.104,9.893
Desarrollo Argentino I FCI Abierto para el Fin. de la Infra. y la Econ. Real - Clase B,ARS,2026-05-08,2.0,1562.066,1.179,5.104,9.893
Desarrollo Argentino I FCI Abierto para el Fin. de la Infra. y la Econ. Real - Clase C,ARS,2026-05-08,2.0,1773.703,1.179,5.104,9.893
Gainvest Infraestructura FCI Abierto - Clase D,ARS,2026-05-08,1.0,0.744,-0.268,4.348,-19.481
Gainvest Infraestructura FCI Abierto - Clase E,ARS,2026-05-08,1.0,0.716,-0.417,4.221,-19.551
Gainvest Infraestructura FCI Abierto - Clase F,ARS,2026-05-08,1.0,0.716,-0.417,4.221,-19.551
Gainvest Infraestructura FCI Abierto - Clase G,ARS,2026-05-08,1.0,1000,0.0,0.0,0.0
Balanz Crecimiento FCI Ab para Financ Infra y Econ Real - Clase D,ARS,2026-05-08,1.0,1000,0.0,0.0,0.0
Balanz Crecimiento FCI Ab para Financ Infra y Econ Real - Clase E,ARS,2026-05-08,1.0,1000,0.0,0.0,0.0
Balanz Desarrollo FCI Ab para Financ Infra y Econ Real - Clase D,ARS,2026-05-08,1.0,1000,0.0,0.0,0.0
Balanz Desarrollo FCI Ab para Financ Infra y Econ Real - Clase E,ARS,2026-05-08,1.0,1000,0.0,0.0,0.0
Desarrollo Argentino II FCI Abierto para el Fin. de la Infra. y la Econ. Real - Clase D,ARS,2026-05-08,2.0,860.678,1.056,5.18,9.357
Desarrollo Argentino II FCI Abierto para el Fin. de la Infra. y la Econ. Real - Clase E,ARS,2026-05-08,2.0,944.128,1.056,5.179,9.357
Desarrollo Argentino II FCI Abierto para el Fin. de la Infra. y la Econ. Real - Clase F,ARS,2026-05-08,2.0,966.882,1.056,5.18,9.357
HF Infraestructura - Clase C,USD,2026-05-08,3.0,1461.325,-0.492,3.441,7.651
HF Infraestructura - Clase I,USD,2026-05-08,3.0,1443.581,-0.496,3.369,7.436
Retorno Total Peso Argentina,,2026-05-08,,,,,
Ualintec Retorno Total - Clase A,ARS,2026-05-08,1.0,1937.211,0.941,1.246,62.378
Ualintec Retorno Total - Clase B,ARS,2026-05-08,1.0,1000,0.0,0.0,0.0
Ualintec Retorno Total - Clase C,ARS,2026-05-08,1.0,1982.591,0.968,1.746,65.426
Adcap Financiamiento 1 - Clase A,ARS,2026-05-08,1.0,1590.58,0.566,13.292,41.994
Adcap Financiamiento 1 - Clase B,ARS,2026-05-08,1.0,10378.722,0.542,639.244,826.525
Adcap Financiamiento 1 - Clase C,ARS,2026-05-08,1.0,1590.58,0.566,13.292,41.994
Adcap Financiamiento 1 - Clase D,ARS,2026-05-08,1.0,1590.58,0.566,-82.714,-78.616
ConoSur Visus - Clase A,ARS,2026-05-08,1.0,5051.028,0.013,-2.781,41.077
ConoSur Visus - Clase B,ARS,2026-05-08,1.0,5079.118,0.028,-2.508,41.574
ConoSur Visus - Clase C,ARS,2026-05-08,1.0,5573.181,0.042,-2.268,43.618
ConoSur Visus - Clase D,ARS,2026-05-08,1.0,5798.845,0.028,-2.508,42.373
Consultatio Balance Fund - Clase A,ARS,2026-05-08,1.0,3776661.737,0.827,12.824,46.794
Consultatio Balance Fund - Clase B,ARS,2026-05-08,1.0,4131304.903,0.844,13.181,48.129
Consultatio Balance Fund - Clase Z Ley N° 27.743,ARS,2026-05-08,1.0,1852.717,0.932,15.139,50.693
IEB Retorno Total II - Clase A,ARS,2026-05-08,1.0,1000,0.0,0.0,
IEB Retorno Total II - Clase B,ARS,2026-05-08,1.0,1046.298,0.449,4.63,
IEB Retorno Total II - Clase X,ARS,2026-05-08,1.0,1000,0.0,0.0,
IEB Retorno Total III - Clase A,ARS,2026-05-08,1.0,1162.288,0.624,12.506,
IEB Retorno Total III - Clase B,ARS,2026-05-08,1.0,1162.321,0.624,12.505,
IEB Retorno Total III - Clase X,ARS,2026-05-08,1.0,1000,0.0,0.0,
Max Retorno Total Pesos - Clase A,ARS,2026-05-08,1.0,1000,0.0,0.0,
Max Retorno Total Pesos - Clase B,ARS,2026-05-08,1.0,1000,0.0,0.0,
Max Retorno Total Pesos - Clase C,ARS,2026-05-08,1.0,1000,0.0,0.0,
Max Retorno Total Pesos - Clase D,ARS,2026-05-08,1.0,1116.705,0.191,0.39,
Max Retorno Total Pesos II - Clase A,ARS,2026-05-08,1.0,1000,0.0,0.0,
Max Retorno Total Pesos II - Clase B,ARS,2026-05-08,1.0,1000,0.0,0.0,
Max Retorno Total Pesos II - Clase C,ARS,2026-05-08,1.0,1000,0.0,0.0,
Max Retorno Total Pesos II - Clase D,ARS,2026-05-08,1.0,1033.495,0.482,3.35,
Max Retorno Total Pesos III - Clase A,ARS,2026-05-08,1.0,1000,0.0,,
Max Retorno Total Pesos III - Clase B,ARS,2026-05-08,1.0,1000,0.0,,
Max Retorno Total Pesos III - Clase C,ARS,2026-05-08,1.0,1000,0.0,,
Max Retorno Total Pesos III - Clase D,ARS,2026-05-08,1.0,1000,0.0,,
Max Retorno Total Pesos IV - Clase A,ARS,2026-05-08,1.0,1000,0.0,,
Max Retorno Total Pesos IV - Clase B,ARS,2026-05-08,1.0,1000,0.0,,
Max Retorno Total Pesos IV - Clase C,ARS,2026-05-08,1.0,1000,0.0,,
Max Retorno Total Pesos IV - Clase D,ARS,2026-05-08,1.0,1000,0.0,,
Schroder Crecimiento Dos - Clase A,ARS,2026-05-08,1.0,1083.049,0.0,-0.027,8.305
Schroder Crecimiento Dos - Clase B,ARS,2026-05-08,1.0,1545.315,-0.024,-0.441,20.379
Schroder Crecimiento Dos - Clase C,ARS,2026-05-08,1.0,1000,0.0,0.0,0.0
Schroder Crecimiento Tres - Clase A,ARS,2026-05-08,1.0,1623.867,0.787,13.213,40.992
Schroder Crecimiento Tres - Clase B,ARS,2026-05-08,1.0,1669.338,0.802,13.532,42.126
Schroder Crecimiento Tres - Clase C,ARS,2026-05-08,1.0,1000,0.0,0.0,0.0
Schroder Patrimonio Dos - Clase B,ARS,2026-05-08,1.0,2447.734,0.728,2.712,40.588
Schroder Patrimonio Dos - Clase C,ARS,2026-05-08,1.0,977.61,0.729,2.716,40.605
Cocos Medalla - Clase A,ARS,2026-05-08,1.0,961.195,0.015,-3.701,
Cocos Medalla - Clase B,ARS,2026-05-08,1.0,1108.941,0.015,-3.702,
Cocos Medalla - Clase C,ARS,2026-05-08,1.0,1000,0.0,0.0,
Cocos Pesos Plus - Clase A,ARS,2026-05-08,1.0,1351.817,0.48,10.924,
Cocos Pesos Plus - Clase B,ARS,2026-05-08,1.0,1376.658,0.48,10.924,
Cocos Pesos Plus - Clase C,ARS,2026-05-08,1.0,1026.796,0.504,2.68,
Dracma Multiestrategia III - Clase A,ARS,2026-05-08,1.0,1058.9,0.646,,
Dracma Multiestrategia III - Clase B,ARS,2026-05-08,1.0,1060.2,0.665,,
Dracma Multiestrategia III - Clase C,ARS,2026-05-08,1.0,1000,0.0,,
Dracma Multiestrategia III - Clase D,ARS,2026-05-08,1.0,1000,0.0,,
Galileo Argentina - Clase A,ARS,2026-05-08,1.0,764285.457,0.364,-3.073,20.153
Galileo Argentina - Clase B,ARS,2026-05-08,1.0,380308.777,0.374,-2.904,20.756
GMC Retorno Total II - Clase B,ARS,2026-05-08,1.0,906.6,0.0,0.0,0.0
GMC Retorno Total II - Clase C,ARS,2026-05-08,1.0,2391.6,0.496,-5.125,71.922
GMC Retorno Total II - Clase F,ARS,2026-05-08,1.0,1046.7,0.0,0.0,
MEGAQM Balanceado - Clase A,ARS,2026-05-08,0.0,2003.107,0.69,13.303,39.45
MEGAQM Balanceado - Clase B,ARS,2026-05-08,0.0,110809.956,0.715,13.814,41.251
MEGAQM Balanceado - Clase Ley Nº 27.743,ARS,2026-05-08,0.0,1778.229,0.69,13.302,39.449
MEGAQM Retorno Total - Clase A,ARS,2026-05-08,1.0,334805.839,0.851,13.888,46.158
MEGAQM Retorno Total - Clase B,ARS,2026-05-08,1.0,355431.144,0.866,14.197,47.29
Pionero Renta Estrategico - Clase A,ARS,2026-05-08,2.0,2752.065,0.0,0.0,0.0
Pionero Renta Estrategico - Clase B,ARS,2026-05-08,2.0,69496.06,0.914,7.85,34.358
Pionero Renta Estrategico - Clase C,ARS,2026-05-08,2.0,1000,0.0,0.0,0.0
Pionero Retorno Total - Clase A,ARS,2026-05-08,2.0,108136.899,0.358,9.752,41.62
Pionero Retorno Total - Clase B,ARS,2026-05-08,2.0,118698.559,0.373,10.04,42.683
Schroder Crecimiento - Clase A,ARS,2026-05-08,0.0,1000,0.0,0.0,0.0
Schroder Crecimiento - Clase B,ARS,2026-05-08,0.0,1910.728,0.921,16.513,44.806
Schroder Crecimiento - Clase C,ARS,2026-05-08,0.0,1000,0.0,0.0,0.0
Chimpay Retorno Total - Clase A,ARS,2026-05-08,1.0,1000,0.0,,
Chimpay Retorno Total - Clase B,ARS,2026-05-08,1.0,1052.91,0.0,,
Chimpay Retorno Total - Clase C,ARS,2026-05-08,1.0,1008.243,0.668,,
MEGAQM Retorno Absoluto - Clase A,ARS,2026-05-08,1.0,111154.99,0.99,17.428,53.918
MEGAQM Retorno Absoluto - Clase B,ARS,2026-05-08,1.0,134649.701,1.005,17.747,55.111
SBS Retorno Total - Clase A,ARS,2026-05-08,1.0,518212.814,0.152,-0.379,40.355
SBS Retorno Total - Clase B,ARS,2026-05-08,1.0,563996.418,0.172,-0.028,41.769
SBS Retorno Total - Clase Ley N° 27.743,ARS,2026-05-08,1.0,1113.82,0.0,0.0,11.382
Schroder Renta Global Tres - Clase A,ARS,2026-05-08,1.0,2560.484,0.0,0.0,0.0
Schroder Renta Global Tres - Clase B,ARS,2026-05-08,1.0,2368550.86,0.006,-1.255,0.814
Schroder Renta Global Tres - Clase C,ARS,2026-05-08,1.0,2560.484,0.0,0.0,0.0
Valiant Total Return - Clase A,ARS,2026-05-08,1.0,12584.256,0.558,2.66,-7.202
Valiant Total Return - Clase B,ARS,2026-05-08,1.0,12167.302,0.548,2.48,-7.668
Valiant Total Return - Clase C,ARS,2026-05-08,1.0,1000,0.0,0.0,0.0
Valiant Total Return - Clase D,ARS,2026-05-08,1.0,1000,0.0,0.0,0.0
Compass Ahorro en Dolares - Clase D,USD,2026-05-08,2.0,1734031.911,0.856,0.945,48.992
Compass Ahorro en Dolares - Clase E,USD,2026-05-08,2.0,1877937.804,0.885,1.555,51.608
Compass Ahorro en Dolares - Clase F,USD,2026-05-08,2.0,1482954.387,-0.985,-2.514,27.19
Compass Best Ideas - Clase D,USD,2026-05-08,2.0,761597.918,-0.83,1.462,38.677
Compass Best Ideas - Clase E,USD,2026-05-08,2.0,841102.069,-0.78,2.524,42.932
Compass Best Ideas - Clase F,USD,2026-05-08,2.0,935167.349,-0.78,2.524,42.933
GMC Retorno Total - Clase A,ARS,2026-05-08,1.0,1000,,,
GMC Retorno Total - Clase B,ARS,2026-05-08,1.0,9668.5,0.026,-4.009,16.906
GMC Retorno Total - Clase C,ARS,2026-05-08,1.0,1901.2,0.026,-4.009,16.947
GMC Retorno Total - Clase D,ARS,2026-05-08,1.0,1000,,,
Allaria Estrategico - Clase A,ARS,2026-05-08,1.0,50267.101,0.628,-5.856,8.443
Allaria Estrategico - Clase B,ARS,2026-05-08,1.0,51210.854,0.633,-5.773,8.714
Allaria Estrategico - Clase C,ARS,2026-05-08,1.0,999.168,0.0,0.0,0.0
Allaria Estrategico - Clase D,ARS,2026-05-08,1.0,1000,0.0,0.0,0.0
Valiant Total Return RP,ARS,2026-05-08,1.0,1301.166,0.11,-0.795,2.815
Retorno Total Dolar Estadounidense,,2026-05-08,,,,,
Fundcorp Estrategia - Clase A,ARS,2026-05-08,1.0,1005.885,,,
Fundcorp Estrategia - Clase B,ARS,2026-05-08,1.0,1002.205,,,
Fundcorp Estrategia - Clase C,ARS,2026-05-08,1.0,1002.962,,,
Fundcorp Estrategia - Clase D,ARS,2026-05-08,1.0,1000,,,
Fundcorp Long Performance Plus II - Clase A,USD,2026-05-08,1.0,565.29,0.301,,
Fundcorp Long Performance Plus II - Clase B,USD,2026-05-08,1.0,565.505,0.302,,
Fundcorp Long Performance Plus II - Clase C,USD,2026-05-08,1.0,565.325,0.301,,
Fundcorp Long Performance Plus II - Clase D Ley N° 27.743,USD,2026-05-08,1.0,1000,0.0,,
IEB Estratégico II - Clase A,USD,2026-05-08,2.0,1147.5,0.218,4.689,
IEB Estratégico II - Clase B,USD,2026-05-08,2.0,1147.5,0.218,4.689,
IEB Estratégico II - Clase X Ley N° 27.743,USD,2026-05-08,2.0,1112,0.0,1.46,
Galileo Argentina - Clase C,ARS,2026-05-08,1.0,146.623,,,
Galileo Argentina - Clase D,ARS,2026-05-08,1.0,155.58,,,
Pionero Retorno Total - Clase C,ARS,2026-05-08,2.0,1619.486,-0.29,15.482,18.352
Pionero Retorno Total - Clase D,ARS,2026-05-08,2.0,919.165,-0.661,4.946,-17.052
Allaria Dólar Retorno Total - Clase A,USD,2026-05-08,1.0,1241.849,1.631,8.526,21.049
Allaria Dólar Retorno Total - Clase B,USD,2026-05-08,1.0,1246.828,1.635,8.621,21.35
Allaria Dólar Retorno Total - Clase C,USD,2026-05-08,1.0,1208.291,1.64,8.716,21.654
Allaria Dólar Retorno Total - Clase Ley N° 27.743,USD,2026-05-08,1.0,1145.644,,,
Chimpay Retorno Total - Clase D,ARS,2026-05-08,1.0,1000,0.0,,
Chimpay Retorno Total - Clase E,ARS,2026-05-08,1.0,1000,0.0,,
Chimpay Retorno Total - Clase F,ARS,2026-05-08,1.0,1000,0.0,,
Tandem Dólares Retorno Total - Clase A,USD,2026-05-08,2.0,1045.133,0.0,1.806,4.513
Tandem Dólares Retorno Total - Clase B,USD,2026-05-08,2.0,1000,0.0,0.0,0.0
Tandem Dólares Retorno Total - Clase C,USD,2026-05-08,2.0,1000,0.0,0.0,0.0
Tandem Dólares Retorno Total - Clase D,USD,2026-05-08,2.0,1054.398,0.769,3.515,5.44
Tandem Dólares Retorno Total - Clase E Ley N° 27.743,USD,2026-05-08,2.0,1000,0.0,0.0,0.0
Compass Ahorro en Dolares - Clase A,USD,2026-05-08,2.0,1169.322,1.859,3.549,17.142
Compass Ahorro en Dolares - Clase B,USD,2026-05-08,2.0,1277.073,1.888,4.174,19.199
Compass Ahorro en Dolares - Clase C,USD,2026-05-08,2.0,1391.756,1.912,4.676,20.869
Compass Ahorro en Dolares - Clase H Ley 27.743,USD,2026-05-08,2.0,1631.127,1.859,3.549,17.141
Compass Ahorro en Dolares - Clase I Ley 27.743,USD,2026-05-08,2.0,1241.072,1.912,4.676,20.251
Compass Best Ideas - Clase A,USD,2026-05-08,2.0,512.293,0.155,4.053,8.965
Compass Best Ideas - Clase B,USD,2026-05-08,2.0,558.26,0.169,4.359,9.893
Compass Best Ideas - Clase C,USD,2026-05-08,2.0,630.611,0.206,5.168,12.377
Compass Best Ideas - Clase H Ley 27.743,USD,2026-05-08,2.0,1129.232,0.158,4.126,9.184
Compass Best Ideas - Clase I Ley 27.743,USD,2026-05-08,2.0,1128.196,0.171,4.395,10.001
Galileo Event Driven - Clase A,USD,2026-05-08,2.0,3273.273,0.271,1.343,7.751
Galileo Event Driven - Clase B,USD,2026-05-08,2.0,3923.637,0.275,1.581,8.466
Galileo Event Driven - Clase C Ley N° 27.743,USD,2026-05-08,2.0,1091.712,0.271,1.343,7.751
Galileo Event Driven - Clase D Ley N° 27.743,USD,2026-05-08,2.0,1101.735,0.275,1.582,8.466
Galileo Event Driven - Clase Y,USD,2026-05-08,2.0,1818.114,,,
Galileo Event Driven - Clase Z,USD,2026-05-08,2.0,2937.559,,,
ASG Peso Argentina,,2026-05-08,,,,,
SBS Retorno Sustentable ASG - Clase A,ARS,2026-05-08,2.0,1486.408,0.034,2.504,28.472
SBS Retorno Sustentable ASG - Clase B,ARS,2026-05-08,2.0,1518.659,0.063,3.044,30.419
MEGAQM Sustentable ASG - Clase A,ARS,2026-05-08,1.0,7728.152,0.706,3.113,32.989
MEGAQM Sustentable ASG - Clase B,ARS,2026-05-08,1.0,12751.55,0.714,3.258,33.523
MEGAQM Sustentable ASG - Clase C,ARS,2026-05-08,1.0,1000,0.0,0.0,0.0
MEGAQM Sustentable ASG - Clase Ley N° 27.743,ARS,2026-05-08,1.0,1399.268,0.0,0.469,29.579
Superfondo Sustentable ASG - Clase B,ARS,2026-05-08,2.0,7410.74,1.153,1.079,34.142
Adcap Verde y Sustentable ASG - Clase A,ARS,2026-05-08,2.0,4232.622,0.676,2.035,33.14
Adcap Verde y Sustentable ASG - Clase B,ARS,2026-05-08,2.0,4183.74,0.678,2.071,33.273
Adcap Verde y Sustentable ASG - Clase C,ARS,2026-05-08,2.0,4204.389,0.681,2.128,33.487
Adcap Verde y Sustentable ASG - Clase Ley Nº 27.743,ARS,2026-05-08,2.0,1141.736,,,
Allaria Sustentable ASG - Clase A,ARS,2026-05-08,1.0,3916.851,0.186,3.663,36.42
Allaria Sustentable ASG - Clase B,ARS,2026-05-08,1.0,4430.196,0.0,-1.867,29.143
Allaria Sustentable ASG - Clase C,ARS,2026-05-08,1.0,1000,0.0,0.0,0.0
Consultatio ST Fondo Comun De Inversión ASG - Clase A,ARS,2026-05-08,1.0,6859.591,0.202,8.489,39.601
Consultatio ST Fondo Comun De Inversión ASG - Clase B,ARS,2026-05-08,1.0,10662.096,0.21,8.641,40.161
Consultatio ST Fondo Comun De Inversión ASG - Clase C,ARS,2026-05-08,1.0,11998.73,0.247,9.374,42.873
Consultatio ST Fondo Comun De Inversión ASG - Clase D,ARS,2026-05-08,1.0,7713.747,0.212,8.679,40.302
Delta Sustentable ASG - Clase A,ARS,2026-05-08,1.0,9671.557,0.772,3.83,27.255
Delta Sustentable ASG - Clase B,ARS,2026-05-08,1.0,5515.27,0.782,4.011,27.894
Fima Cartera Sustentable FCI ASG - Clase A,ARS,2026-05-08,1.0,8453.337,0.239,1.313,30.811
Fima Cartera Sustentable FCI ASG - Clase B,ARS,2026-05-08,1.0,8572.562,0.246,1.439,31.278
Fima Cartera Sustentable FCI ASG - Clase C,ARS,2026-05-08,1.0,8693.534,0.253,1.566,31.746
Gainvest Renta Mixta Sustentable FCI ASG - Clase A,ARS,2026-05-08,1.0,4303.95,0.095,-7.397,2.342
Gainvest Renta Mixta Sustentable FCI ASG - Clase B,ARS,2026-05-08,1.0,5363.467,0.094,-7.4,2.339
Gainvest Renta Mixta Sustentable FCI ASG - Clase C,ARS,2026-05-08,1.0,1000,0.0,0.0,0.0
Premier Sustentable ASG - Clase A,ARS,2026-05-08,1.0,4245.59,0.54,5.141,36.81
Premier Sustentable ASG - Clase B,ARS,2026-05-08,1.0,4165.625,0.529,4.92,35.992
Premier Sustentable ASG - Clase C,ARS,2026-05-08,1.0,1000,0.0,0.0,0.0
RG900 Peso Argentina,,2026-05-08,,,,,
FBA Renta Publica I - Clase A,ARS,2026-05-08,1.0,18195.73,0.832,16.968,44.145
FBA Renta Publica I - Clase B,ARS,2026-05-08,1.0,18618.449,0.844,17.215,45.013
MEGAQM Estrategia 5 - Clase A,ARS,2026-05-08,1.0,3115.579,0.0,0.0,0.0
MEGAQM Estrategia 5 - Clase B,ARS,2026-05-08,1.0,27620.332,0.748,14.039,35.374
Pionero Renta Pesos - Clase A,ARS,2026-05-08,1.0,316914.647,0.57,11.225,36.213
Pionero Renta Pesos - Clase B,ARS,2026-05-08,1.0,104133.695,0.58,11.421,36.897
Delta Performance - Clase A,ARS,2026-05-08,0.0,59070.427,0.559,12.482,38.184
Delta Performance - Clase B,ARS,2026-05-08,0.0,81448.697,0.574,12.779,39.225
Delta Performance - Clase E,ARS,2026-05-08,0.0,19082.571,0.0,0.0,24.654
Mercado de Dinero Peso Argentina,,2026-05-08,,,,,
1810 Ahorro,ARS,2026-05-08,0.0,223322.879,0.368,8.477,30.841
1822 Raices Ahorro Pesos,ARS,2026-05-08,0.0,35484.447,0.375,9.051,33.772
Adcap Ahorro Dinámico Fondo de Dinero - Clase A,ARS,2026-05-08,0.0,3548.126,0.402,9.406,35.567
Adcap Ahorro Dinámico Fondo de Dinero - Clase B,ARS,2026-05-08,0.0,3612.895,0.419,9.848,37.426
Adcap Ahorro Dinámico Fondo de Dinero - Clase C,ARS,2026-05-08,0.0,3755.377,0.425,10.147,39.097
Adcap Ahorro Dinámico Fondo de Dinero - Clase G,ARS,2026-05-08,0.0,1052.704,0.459,,
Adcap Ahorro Dinámico Fondo de Dinero - Clase Ley Nº 27.743,ARS,2026-05-08,0.0,1597.18,,,
Adcap Ahorro Pesos Fondo de Dinero - Clase A,ARS,2026-05-08,0.0,17782.419,0.376,8.941,33.501
Adcap Ahorro Pesos Fondo de Dinero - Clase B,ARS,2026-05-08,0.0,18903.098,0.393,9.286,34.713
Adcap Ahorro Pesos Fondo de Dinero - Clase C,ARS,2026-05-08,0.0,19150.313,0.399,9.405,35.131
Adcap Ahorro Pesos Fondo de Dinero - Clase G,ARS,2026-05-08,0.0,1113.757,0.428,9.967,
Adcap Ahorro Pesos Fondo de Dinero - Clase H,ARS,2026-05-08,0.0,14285.714,,,
Adcap Ahorro Pesos Fondo de Dinero - Clase H1,ARS,2026-05-08,0.0,1419.242,0.376,8.939,33.478
Adcap Ahorro Pesos Fondo de Dinero - Clase H2,ARS,2026-05-08,0.0,1000,,,
Adcap Ahorro Pesos Fondo de Dinero - Clase H3,ARS,2026-05-08,0.0,1000,,,
Adcap Ahorro Pesos Fondo de Dinero - Clase H4,ARS,2026-05-08,0.0,1000,,,
Adcap Ahorro Pesos Fondo de Dinero - Clase H5,ARS,2026-05-08,0.0,1000,,,
Adcap Ahorro Pesos Fondo de Dinero - Clase H6,ARS,2026-05-08,0.0,1000,,,
Adcap Ahorro Pesos Fondo de Dinero - Clase H7,ARS,2026-05-08,0.0,1000,,,
Adcap Ahorro Pesos Fondo de Dinero - Clase H8,ARS,2026-05-08,0.0,1000,,,
Adcap Ahorro Pesos Fondo de Dinero - Clase H9,ARS,2026-05-08,0.0,1000,,,
Adcap Ahorro Pesos Fondo de Dinero - Clase I,ARS,2026-05-08,0.0,19621.173,0.395,9.325,34.847
Adcap Ahorro Pesos Fondo de Dinero - Clase Ley Nº 27.743,ARS,2026-05-08,0.0,1630.14,0.376,8.932,33.492
Allaria Ahorro - Clase A,ARS,2026-05-08,0.0,99733.845,0.348,8.513,32.321
Allaria Ahorro - Clase B,ARS,2026-05-08,0.0,102443.657,0.353,8.608,32.653
Allaria Ahorro - Clase C,ARS,2026-05-08,0.0,31170.12,0.367,8.894,33.651
Allaria Ahorro - Clase E,ARS,2026-05-08,0.0,100464.526,0.365,8.856,
Allaria Ahorro - Clase Ley Nº 27.743,ARS,2026-05-08,0.0,1507.872,,,
Alpha Pesos - Clase A,ARS,2026-05-08,0.0,97061.994,0.374,8.466,30.814
Alpha Pesos - Clase B,ARS,2026-05-08,0.0,81357.334,0.35,7.991,29.188
Alpha Pesos - Clase J,ARS,2026-05-08,0.0,1709.444,0.0,0.0,0.875
Alpha Pesos - Clase K,ARS,2026-05-08,0.0,5577.255,0.35,7.991,29.189
Argenfunds Liquidez - Clase A,ARS,2026-05-08,0.0,16736.673,0.345,7.779,29.438
Argenfunds Liquidez - Clase B,ARS,2026-05-08,0.0,18272.9,0.369,8.261,31.097
Argenfunds Liquidez - Clase G Ley N° 27.743,ARS,2026-05-08,0.0,1227.602,0.345,7.762,
Balanz Capital Money Market - Clase A,ARS,2026-05-08,0.0,11744.807,0.344,8.348,31.313
Balanz Capital Money Market - Clase B,ARS,2026-05-08,0.0,12044.677,0.353,8.538,31.972
Balanz Capital Money Market - Clase C,ARS,2026-05-08,0.0,12396.389,0.359,8.653,32.369
Balanz Capital Money Market - Clase D,ARS,2026-05-08,0.0,12238.902,0.361,8.691,32.502
Balanz Capital Money Market - Clase E,ARS,2026-05-08,0.0,1000,0.0,0.0,0.0
Balanz Capital Money Market - Clase F,ARS,2026-05-08,0.0,1000,0.0,0.0,0.0
Balanz Capital Money Market - Clase H,ARS,2026-05-08,0.0,1000,0.0,0.0,
Balanz Capital Money Market - Clase L Ley N° 27.743,ARS,2026-05-08,0.0,1603.636,0.344,8.347,31.312
BAVSA Ahorro - Clase A,ARS,2026-05-08,0.0,1920.636,0.36,7.981,29.357
BAVSA Ahorro - Clase B,ARS,2026-05-08,0.0,1944.986,0.37,8.171,30.004
BAVSA Ahorro - Clase C Ley Nº 27.743,ARS,2026-05-08,0.0,1443.809,,,
BAVSA Ahorro - Clase D Ley Nº 27.743,ARS,2026-05-08,0.0,1464.833,,,
BM Smart Money Market - Clase A,ARS,2026-05-08,0.0,9552.405,0.365,8.257,30.139
BM Smart Money Market - Clase B,ARS,2026-05-08,0.0,10028.863,0.375,8.447,30.84
Chaco FCI Money Market - Clase A,ARS,2026-05-08,0.0,2416.029,0.398,9.386,35.621
Chaco FCI Money Market - Clase B,ARS,2026-05-08,0.0,2410.518,0.398,9.386,35.621
Champaquí Fondo Inmediato - Clase A,ARS,2026-05-08,0.0,12059.618,0.364,8.373,31.409
Champaquí Fondo Inmediato - Clase B,ARS,2026-05-08,0.0,12551.885,0.386,8.809,32.919
Champaquí Fondo Inmediato - Clase C,ARS,2026-05-08,0.0,12611.472,0.391,8.912,33.279
Champaquí Fondo Inmediato Plus - Clase A,ARS,2026-05-08,0.0,6849.137,0.374,8.671,33.251
Champaquí Fondo Inmediato Plus - Clase B,ARS,2026-05-08,0.0,7098.812,0.396,9.107,34.782
Champaquí Fondo Inmediato Plus - Clase C,ARS,2026-05-08,0.0,1043.207,0.0,0.95,
Champaquí Fondo Inmediato Plus - Clase D,ARS,2026-05-08,0.0,7166.772,0.401,9.211,35.147
Cocos Ahorro - Clase A,ARS,2026-05-08,0.0,2238.572,0.364,7.915,30.578
Cocos Ahorro - Clase B,ARS,2026-05-08,0.0,2264.681,0.374,8.105,31.235
Cocos Ahorro - Clase C,ARS,2026-05-08,0.0,1889.227,0.374,8.104,31.288
Cocos Ahorro - Clase D,ARS,2026-05-08,0.0,1000,,,
Cocos Ahorro - Clase Ley N° 27.743,ARS,2026-05-08,0.0,1483.154,0.364,7.915,30.578
Compass Liquidez - Clase A,ARS,2026-05-08,0.0,11641.431,0.331,7.593,31.031
Compass Liquidez - Clase B,ARS,2026-05-08,0.0,12130.372,0.348,7.915,32.152
Compass Liquidez - Clase C,ARS,2026-05-08,0.0,12809.104,0.354,8.029,32.549
Compass Liquidez - Clase D,ARS,2026-05-08,0.0,1066.3,0.378,,
Compass Liquidez - Clase E,ARS,2026-05-08,0.0,1066.3,0.378,,
Compass Liquidez - Clase H Ley 27.743,ARS,2026-05-08,0.0,1592.571,0.332,7.593,31.031
Compass Liquidez - Clase I Ley 27.743,ARS,2026-05-08,0.0,1600.244,0.348,7.915,32.141
ConoSur Liquidez - Clase A,ARS,2026-05-08,0.0,1256.025,0.384,8.744,
ConoSur Liquidez - Clase B,ARS,2026-05-08,0.0,1257.075,0.386,8.782,
ConoSur Liquidez - Clase C,ARS,2026-05-08,0.0,1269.732,0.401,9.088,
ConoSur Liquidez - Clase D,ARS,2026-05-08,0.0,1251.71,0.386,8.782,
Consultatio Fondo de Dinero - Clase A,ARS,2026-05-08,0.0,5414.346,-0.363,-4.738,-13.297
Consultatio Fondo de Dinero - Clase B,ARS,2026-05-08,0.0,5386.734,-0.422,-5.773,-15.177
Consultatio Fondo de Dinero - Clase C,ARS,2026-05-08,0.0,5892.157,-0.363,-4.738,-12.501
CYC Liquidez,ARS,2026-05-08,0.0,5720.977,0.398,8.253,29.627
CYC Liquidez - Clase E Ley N° 27.743,ARS,2026-05-08,0.0,1349.096,0.398,8.253,29.626
Delta Pesos - Clase A,ARS,2026-05-08,0.0,45996.591,0.319,7.439,28.927
Delta Pesos - Clase B,ARS,2026-05-08,0.0,95256.456,0.348,8.006,30.876
Delta Pesos - Clase D,ARS,2026-05-08,0.0,7997.274,0.365,8.347,32.059
Delta Pesos - Clase K Ley Nº 27.743,ARS,2026-05-08,0.0,1544.481,0.319,7.439,28.927
Delta Pesos - Clase L Ley Nº 27.743,ARS,2026-05-08,0.0,1118.756,0.0,0.0,0.0
Delta Pesos - Clase M,ARS,2026-05-08,0.0,45996.583,0.319,,
Delta Pesos - Clase X,ARS,2026-05-08,0.0,5545.788,0.358,8.21,31.6
FBA Money Market Pesos Plus - Clase B,ARS,2026-05-08,0.0,1058.371,0.237,5.268,
FBA Renta Pesos - Clase A,ARS,2026-05-08,0.0,167823.631,0.328,7.955,29.834
FBA Renta Pesos - Clase B,ARS,2026-05-08,0.0,183601.916,0.357,8.558,32.009
FBA Renta Pesos - Clase J Ley Nº 27.743,ARS,2026-05-08,0.0,167871.813,0.328,7.955,29.834
FBA Renta Pesos - Clase K Ley Nº 27.743,ARS,2026-05-08,0.0,183604.611,0.357,8.544,31.992
Fima Premium - Clase A,ARS,2026-05-08,0.0,79941.003,0.326,7.853,29.386
Fima Premium - Clase B,ARS,2026-05-08,0.0,96015.757,0.354,8.411,31.304
Fima Premium - Clase C,ARS,2026-05-08,0.0,97423.768,0.361,8.546,31.771
Fima Premium - Clase P,ARS,2026-05-08,0.0,74526.224,0.336,8.05,30.05
Fundcorp Liquidez - Clase A,ARS,2026-05-08,0.0,16930.992,0.374,9.018,32.683
Fundcorp Liquidez - Clase B,ARS,2026-05-08,0.0,17218.767,0.378,9.113,33.016
Fundcorp Liquidez - Clase C,ARS,2026-05-08,0.0,18417.462,0.393,9.401,34.019
Fundcorp Liquidez - Clase D,ARS,2026-05-08,0.0,1018.73,0.0,0.0,
Galileo Pesos - Clase A,ARS,2026-05-08,0.0,14264.4,0.322,7.99,30.954
Galileo Pesos - Clase B,ARS,2026-05-08,0.0,15907.834,0.357,8.703,33.405
IAM Ahorro Pesos - Clase A,ARS,2026-05-08,0.0,43660.037,0.36,8.486,32.46
IAM Ahorro Pesos - Clase B,ARS,2026-05-08,0.0,49691.18,0.381,8.906,33.928
IAM Ahorro Pesos - Clase C,ARS,2026-05-08,0.0,37286.308,0.387,9.021,34.331
IAM Ahorro Pesos - Clase D,ARS,2026-05-08,0.0,1011.972,0.0,0.0,0.0
IAM Ahorro Pesos - Clase I,ARS,2026-05-08,0.0,1092.987,0.345,8.198,
IEB Ahorro - Clase A,ARS,2026-05-08,0.0,11437.538,0.342,8.399,31.503
IEB Ahorro - Clase B,ARS,2026-05-08,0.0,11517.381,0.342,8.459,31.589
IEB Ahorro - Clase C,ARS,2026-05-08,0.0,10022.556,0.351,8.59,32.164
IEB Ahorro - Clase D,ARS,2026-05-08,0.0,1020.385,0.0,0.0,0.0
IEB Ahorro - Clase E,ARS,2026-05-08,0.0,12118.425,0.351,8.658,32.505
IEB Ahorro - Clase Ley N° 27.743,ARS,2026-05-08,0.0,1587.324,0.341,8.31,31.395
Lombard Renta en Pesos,ARS,2026-05-08,0.0,231874.862,0.382,9.176,33.713
MAF Liquidez - Clase A,ARS,2026-05-08,0.0,1846.877,0.392,9.134,34.435
MAF Liquidez - Clase B,ARS,2026-05-08,0.0,1846.878,0.392,9.134,34.435
MAF Money Market - Clase A,ARS,2026-05-08,0.0,52689.153,0.331,8.006,30.504
MAF Money Market - Clase B,ARS,2026-05-08,0.0,69889.872,0.36,8.595,32.543
MAF Money Market - Clase RAP Ley N° 27.743,ARS,2026-05-08,0.0,1481.165,0.331,8.006,30.504
Max Money Market - Clase A,ARS,2026-05-08,0.0,5118.974,0.361,8.858,32.141
Max Money Market - Clase B,ARS,2026-05-08,0.0,5220.957,0.373,9.087,32.938
Max Money Market - Clase E Ley N° 27.743,ARS,2026-05-08,0.0,1575.865,0.361,8.853,32.135
MEGAQM Pesos - Clase A,ARS,2026-05-08,0.0,49803.677,0.363,8.489,31.629
MEGAQM Pesos - Clase B,ARS,2026-05-08,0.0,53034.714,0.39,9.016,33.461
MEGAQM Pesos - Clase E,ARS,2026-05-08,0.0,1567.434,0.361,8.439,31.458
Mercado Fondo - Clase A,ARS,2026-05-08,0.0,24017.822,0.361,8.431,30.776
Mercado Fondo - Clase B,ARS,2026-05-08,0.0,1128.223,,,
Mercado Fondo - Clase C,ARS,2026-05-08,0.0,11555.066,0.37,8.622,31.414
Mercado Fondo - Clase D,ARS,2026-05-08,0.0,1000,,,
Novus Liquidez Fondo de Dinero - Clase A,ARS,2026-05-08,0.0,7779.244,0.333,7.787,28.56
Novus Liquidez Fondo de Dinero - Clase B,ARS,2026-05-08,0.0,8069.704,0.359,8.299,30.307
Novus Liquidez Fondo de Dinero - Clase C,ARS,2026-05-08,0.0,7767.976,0.333,7.787,28.559
Novus Liquidez Fondo de Dinero - Clase D,ARS,2026-05-08,0.0,8278.798,0.359,8.299,30.307
Novus Liquidez Fondo de Dinero - Clase E,ARS,2026-05-08,0.0,3926.482,0.333,7.788,28.56
Novus Liquidez Fondo de Dinero - Clase F,ARS,2026-05-08,0.0,5423.793,0.359,8.299,30.307
Novus Liquidez Fondo de Dinero - Clase G,ARS,2026-05-08,0.0,3068.371,0.0,0.0,18.015
Novus Liquidez Fondo de Dinero - Clase H,ARS,2026-05-08,0.0,1854.243,0.0,0.0,0.0
Novus Liquidez Fondo de Dinero - Clase X,ARS,2026-05-08,0.0,2805.066,0.333,7.787,28.252
Optimum CDB Pesos Ultra - Clase A,ARS,2026-05-08,0.0,49918.205,,,
Optimum CDB Pesos Ultra - Clase B,ARS,2026-05-08,0.0,58355.727,,,
Optimum Liquidity - Clase A,ARS,2026-05-08,0.0,1000,,,
Optimum Liquidity - Clase B,ARS,2026-05-08,0.0,4652.666,,,
Optimum Liquidity - Clase C,ARS,2026-05-08,0.0,1000,,,
Optimum Liquidity - Clase D,ARS,2026-05-08,0.0,4153.857,,,
Optimum Liquidity - Clase E,ARS,2026-05-08,0.0,4557.619,,,
Parakeet Pesos - Clase A,ARS,2026-05-08,0.0,1533.105,0.284,7.165,28.908
Parakeet Pesos - Clase B,ARS,2026-05-08,0.0,1565.489,0.312,7.738,30.861
Pellegrini Liquidez Pesos Clase A,ARS,2026-05-08,0.0,1197.185,0.269,3.668,
Pellegrini Liquidez Pesos Clase B,ARS,2026-05-08,0.0,1000,0.0,0.0,
Pellegrini Liquidez Pesos Clase C,ARS,2026-05-08,0.0,1036.133,0.248,3.613,
Pellegrini Liquidez Pesos Clase D,ARS,2026-05-08,0.0,1000,0.0,0.0,
Pellegrini Liquidez Pesos Clase E,ARS,2026-05-08,0.0,1000,0.0,0.0,
Pellegrini Renta Pesos - Clase A,ARS,2026-05-08,0.0,24278.146,0.403,9.304,34.855
Pellegrini Renta Pesos - Clase B,ARS,2026-05-08,0.0,25122.638,0.412,9.499,35.532
Pellegrini Renta Pesos - Clase R Ley N° 27.743,ARS,2026-05-08,0.0,1609.614,0.403,9.304,34.855
Pionero Pesos - Clase A,ARS,2026-05-08,0.0,93941.66,0.328,8.077,31.17
Pionero Pesos - Clase B,ARS,2026-05-08,0.0,100214.016,0.353,8.578,32.89
Pionero Pesos - Clase C,ARS,2026-05-08,0.0,7821.332,0.0,0.0,0.0
Pionero Pesos Plus - Clase A,ARS,2026-05-08,0.0,55576.43,0.329,7.904,30.056
Pionero Pesos Plus - Clase B,ARS,2026-05-08,0.0,59249.967,0.353,8.404,31.762
Pionero Pesos Plus - Clase C Ley N° 27.743,ARS,2026-05-08,0.0,7601.508,0.342,8.173,30.972
Premier Renta CP en Pesos - Clase A,ARS,2026-05-08,0.0,175637.073,0.366,8.569,32.204
Premier Renta CP en Pesos - Clase B,ARS,2026-05-08,0.0,157100.003,0.337,7.375,27.802
Premier Renta CP en Pesos - Clase C,ARS,2026-05-08,0.0,24093.896,0.382,8.894,33.397
Premier Renta CP en Pesos - Clase D,ARS,2026-05-08,0.0,4971.424,0.366,8.569,32.204
Quiron Money Market - Clase A,ARS,2026-05-08,0.0,3834.264,0.318,7.064,27.045
Quiron Money Market - Clase B,ARS,2026-05-08,0.0,3935.332,0.333,7.366,28.069
Quiron Money Market - Clase C,ARS,2026-05-08,0.0,1000,0.0,0.0,0.0
SBS Ahorro Pesos - Clase A,ARS,2026-05-08,0.0,147201.966,0.343,8.06,30.163
SBS Ahorro Pesos - Clase B,ARS,2026-05-08,0.0,165984.876,0.353,8.366,31.383
SBS Ahorro Pesos - Clase C,ARS,2026-05-08,0.0,8825.547,0.362,8.556,32.039
SBS Ahorro Pesos - Clase D,ARS,2026-05-08,0.0,8925.572,0.367,8.652,32.373
ST Zero - Clase A,ARS,2026-05-08,0.0,10855.77,0.329,7.286,28.657
ST Zero - Clase B,ARS,2026-05-08,0.0,11311.19,0.332,7.362,28.95
ST Zero - Clase C,ARS,2026-05-08,0.0,11614.28,0.348,7.664,29.987
ST Zero - Clase D,ARS,2026-05-08,0.0,4512.496,0.317,7.059,27.916
ST Zero - Clase E,ARS,2026-05-08,0.0,1468.108,0.317,7.06,27.92
Super Ahorro $ - Clase A,ARS,2026-05-08,0.0,18800.826,0.338,8.221,31.117
Super Ahorro $ - Clase B,ARS,2026-05-08,0.0,22709.237,0.363,8.717,32.838
Super Ahorro $ - Clase G,ARS,2026-05-08,0.0,13449.144,0.337,8.221,31.117
Super Ahorro $ - Clase H,ARS,2026-05-08,0.0,14192.438,0.363,8.717,32.838
Super Ahorro $ - Clase I Ley N° 27.743,ARS,2026-05-08,0.0,14870.25,0.342,8.316,31.446
Super Ahorro $ - Clase L,ARS,2026-05-08,0.0,1030.768,0.367,,
Super Ahorro Plus - Clase A,ARS,2026-05-08,0.0,613098.999,0.415,9.065,34.079
Super Ahorro Plus - Clase B,ARS,2026-05-08,0.0,685055.172,0.434,9.43,35.362
Super Ahorro Plus - Clase G,ARS,2026-05-08,0.0,15473.75,0.415,9.065,35.442
Super Ahorro Plus - Clase H,ARS,2026-05-08,0.0,16740.578,0.434,9.43,36.423
Super Ahorro Plus - Clase I,ARS,2026-05-08,0.0,16976.468,0.473,10.22,38.167
Tandem Renta Pesos - Clase A,ARS,2026-05-08,0.0,1000,0.0,,
Tandem Renta Pesos - Clase B,ARS,2026-05-08,0.0,1000,0.0,,
Tandem Renta Pesos - Clase C,ARS,2026-05-08,0.0,1000,0.0,,
Tandem Renta Pesos - Clase D,ARS,2026-05-08,0.0,1039.387,0.26,,
Tandem Renta Pesos - Clase X,ARS,2026-05-08,0.0,1000,0.0,,
Tango Money Market Dinámico - Clase A,ARS,2026-05-08,0.0,1007.4,0.369,,
Tango Money Market Dinámico - Clase B,ARS,2026-05-08,0.0,1007.5,0.379,,
Tango Money Market Dinámico - Clase C,ARS,2026-05-08,0.0,1007,0.389,,
Toronto Trust Ahorro - Clase A,ARS,2026-05-08,0.0,51447.741,0.357,8.615,32.291
Toronto Trust Ahorro - Clase B,ARS,2026-05-08,0.0,55805.026,0.368,8.844,33.088
Toronto Trust Ahorro - Clase C,ARS,2026-05-08,0.0,35875.625,0.362,8.729,32.689
Toronto Trust Ahorro - Clase Ley N° 27.743,ARS,2026-05-08,0.0,1578.068,0.357,8.614,32.29
Transatlantica Liquidez Pesos - Clase A,ARS,2026-05-08,0.0,8315.408,0.364,8.139,31.043
Transatlantica Liquidez Pesos - Clase B,ARS,2026-05-08,0.0,8315.413,0.364,8.139,31.043
Transatlantica Liquidez Pesos - Clase RAP Ley N° 27.743,ARS,2026-05-08,0.0,1309.496,0.364,8.139,
Ualintec Ahorro Pesos - Clase A,ARS,2026-05-08,0.0,7998.49,0.371,8.619,33.917
Ualintec Ahorro Pesos - Clase B,ARS,2026-05-08,0.0,4373.361,0.385,8.947,35.031
Ualintec Ahorro Pesos - Clase C,ARS,2026-05-08,0.0,8271.576,0.394,9.077,35.192
Valiant Ahorro - Clase A,ARS,2026-05-08,0.0,11700.995,0.392,8.975,32.761
Valiant Ahorro - Clase B,ARS,2026-05-08,0.0,11485.819,0.382,8.784,32.098
Wise Capital Money Markets - Clase A,ARS,2026-05-08,0.0,1451.504,0.332,7.774,30.308
Wise Capital Money Markets - Clase B,ARS,2026-05-08,0.0,1456.314,0.328,7.76,30.567
Wise Capital Money Markets - Clase C,ARS,2026-05-08,0.0,1431.606,0.328,7.761,30.292
Wise Capital Money Markets - Clase D,ARS,2026-05-08,0.0,1367.077,0.338,8.002,31.903
Wise Capital Money Markets - Clase J Ley N° 27.743,ARS,2026-05-08,0.0,1355.146,0.328,7.761,30.291
Zofingen Pesos Ya - Clase A,ARS,2026-05-08,0.0,1467.311,0.32,7.091,26.356
Zofingen Pesos Ya - Clase B,ARS,2026-05-08,0.0,1467.272,0.32,7.091,26.36
Zofingen Pesos Ya - Clase C Ley N° 27.743,ARS,2026-05-08,0.0,1000,,,
Zofingen Pesos Ya - Clase D Ley N° 27.743,ARS,2026-05-08,0.0,1000,,,
Axis Pesos - Clase A,ARS,2026-05-08,0.0,1951.007,0.363,8.489,31.759
Axis Pesos - Clase B,ARS,2026-05-08,0.0,2202.641,0.382,8.871,33.089
Axis Pesos - Clase X Ley N° 27.743,ARS,2026-05-08,0.0,1483.776,0.0,6.031,28.76
Axis Pesos - Clase Y Ley N° 27.743,ARS,2026-05-08,0.0,1001.572,0.0,0.0,0.0
GMC Money Market - Clase A,ARS,2026-05-08,0.0,2730.918,0.381,8.997,31.124
GMC Money Market - Clase B,ARS,2026-05-08,0.0,3789.922,0.381,8.987,31.13
GMC Money Market - Clase C,ARS,2026-05-08,0.0,4216.445,0.386,9.099,31.435
Allaria Ahorro Dinámico	- Clase A,ARS,2026-05-08,0.0,1000,0.0,0.0,
Allaria Ahorro Dinámico	- Clase B,ARS,2026-05-08,0.0,1000,0.0,0.0,
Allaria Ahorro Dinámico	- Clase C,ARS,2026-05-08,0.0,1000,0.0,0.0,
Allaria Ahorro Dinámico	- Clase D,ARS,2026-05-08,0.0,1000,0.0,0.0,
Allaria Ahorro Dinámico - Clase E,ARS,2026-05-08,0.0,1000,0.0,0.0,
Alpha Pesos Plus - Clase A,ARS,2026-05-08,0.0,7603796.963,0.368,8.321,30.176
Alpha Pesos Plus - Clase B,ARS,2026-05-08,0.0,6991772.629,0.357,8.093,29.396
Crecer Liquidez - Clase A,ARS,2026-05-08,1.0,1323.343,0.355,8.191,29.893
Crecer Liquidez - Clase B,ARS,2026-05-08,1.0,1341.743,0.38,8.687,31.596
Gainvest Pesos - Clase A,ARS,2026-05-08,0.0,39269.643,0.336,7.85,29.856
Gainvest Pesos - Clase B,ARS,2026-05-08,0.0,39271.589,0.336,7.85,29.858
Gainvest Pesos - Clase C,ARS,2026-05-08,0.0,5347.596,0.351,8.154,30.903
Gainvest Pesos - Clase Ley N° 27.743,ARS,2026-05-08,0.0,1242.052,0.0,0.256,20.057
Schroder Liquidez - Clase A,ARS,2026-05-08,0.0,6440.904,0.358,8.104,28.712
Schroder Liquidez - Clase B,ARS,2026-05-08,0.0,6817.954,0.388,8.694,30.726
Schroder Liquidez - Clase D Ley N° 27.743,ARS,2026-05-08,0.0,1537.069,0.358,8.1,28.702
Mercado de Dinero Dolar Estadounidense,,2026-05-08,,,,,
1822 Raices Ahorro Dólares - Clase A,USD,2026-05-08,0.0,1000.036,0.007,,
Adcap Ahorro Dólares - Clase C,USD,2026-05-08,0.0,1036.27,0.029,0.667,2.401
Adcap Ahorro Dólares - Clase D,USD,2026-05-08,0.0,1034.735,0.027,0.634,2.313
Adcap Ahorro Dólares - Clase E,USD,2026-05-08,0.0,1035.518,0.028,0.651,2.363
Adcap Ahorro Dólares - Clase F,USD,2026-05-08,0.0,1035.249,0.028,0.651,2.363
Adcap Ahorro Dólares - Clase G,USD,2026-05-08,0.0,1008.327,0.032,0.713,
Adcap Ahorro Dólares - Clase Ley Nº 27.743,USD,2026-05-08,0.0,1034.8,0.027,0.633,2.313
Allaria Dólar Ahorro - Clase A,USD,2026-05-08,0.0,1019.741,0.013,0.32,1.253
Allaria Dólar Ahorro - Clase B,USD,2026-05-08,0.0,1021.49,0.015,0.355,1.356
Allaria Dólar Ahorro - Clase C,USD,2026-05-08,0.0,1021.368,0.016,0.373,1.406
Allaria Dólar Ahorro - Clase Ley Nº 27.743,USD,2026-05-08,0.0,1016.679,,,
Alpha Dólar - Clase A,USD,2026-05-08,0.0,1006.9,,,
Alpha Dólar - Clase B,USD,2026-05-08,0.0,1005.514,,,
Alpha Dólar - Clase C,USD,2026-05-08,0.0,1006.596,,,
Alpha Dólar - Clase D,USD,2026-05-08,0.0,1000,,,
Alpha Dólar - Clase H,USD,2026-05-08,0.0,1000,0.0,0.0,
Alpha Dólar - Clase I,USD,2026-05-08,0.0,1000,0.0,0.0,
Alpha Dólar - Clase J,USD,2026-05-08,0.0,1000,,,
Alpha Dólar - Clase K,USD,2026-05-08,0.0,1000,,,
Alpha Dólar - Clase Q - Ley Nº 27.743,USD,2026-05-08,0.0,1005.319,,,
Argenfunds Liquidez Dólares - Clase A,USD,2026-05-08,0.0,1014.856,0.012,0.334,
Argenfunds Liquidez Dólares - Clase B,USD,2026-05-08,0.0,1014.876,0.012,0.334,
BAVSA Ahorro Dólar - Clase A,USD,2026-05-08,0.0,1013.456,0.017,0.347,1.214
BAVSA Ahorro Dólar - Clase B,USD,2026-05-08,0.0,1018.405,0.018,0.364,1.264
BAVSA Ahorro Dólar - Clase E Ley N° 27.743,USD,2026-05-08,0.0,1008.54,,,
BAVSA Ahorro Dólar - Clase F Ley N° 27.743,USD,2026-05-08,0.0,1014.889,,,
Champaquí Fondo Liquidez Dólar - Clase A,USD,2026-05-08,0.0,1015.114,0.017,0.403,
Champaquí Fondo Liquidez Dólar - Clase B,USD,2026-05-08,0.0,1015.112,0.017,0.403,
Delta Dólares - Clase A,USD,2026-05-08,0.0,1017.789,0.012,0.306,1.078
Delta Dólares - Clase B,USD,2026-05-08,0.0,1018.87,0.014,0.342,1.151
Delta Dólares - Clase K Ley Nº 27.743,USD,2026-05-08,0.0,1017.618,0.012,0.306,1.078
Delta Dólares - Clase L Ley Nº 27.743,USD,2026-05-08,0.0,1000,0.0,0.0,0.0
FBA Money Market Dólar - Clase B,USD,2026-05-08,0.0,1006.078,0.006,0.136,
Gainvest Dólares Premium - Clase A,USD,2026-05-08,0.0,1007.594,0.018,0.203,
Gainvest Dólares Premium - Clase B,USD,2026-05-08,0.0,1008.394,0.018,0.227,
Gainvest Dólares Premium - Clase C,USD,2026-05-08,0.0,1000,0.0,0.0,
Galileo Pesos - Clase C,ARS,2026-05-08,0.0,1000,,,
Galileo Pesos - Clase D,ARS,2026-05-08,0.0,1000,,,
IAM Ahorro Pesos - Clase F,ARS,2026-05-08,0.0,1001.761,0.0,0.0,0.0
IAM Liquidez en Dólares - Clase A,USD,2026-05-08,0.0,1040.809,0.035,0.772,2.59
IAM Liquidez en Dólares - Clase B,USD,2026-05-08,0.0,1026.058,0.035,0.771,2.59
IAM Liquidez en Dólares - Clase C,USD,2026-05-08,0.0,1040.706,0.035,0.772,2.59
IAM Liquidez en Dólares - Clase D,USD,2026-05-08,0.0,1000,0.0,0.0,0.0
IAM Liquidez en Dólares - Clase E,USD,2026-05-08,0.0,1000,0.0,0.0,0.0
IAM Liquidez en Dólares - Clase F,USD,2026-05-08,0.0,1000,0.0,0.0,0.0
IAM Liquidez en Dólares - Clase G,USD,2026-05-08,0.0,1000,0.0,0.0,0.0
IAM Liquidez en Dólares - Clase H,USD,2026-05-08,0.0,1000,0.0,0.0,0.0
IAM Liquidez en Dólares - Clase I,USD,2026-05-08,0.0,1000,0.0,0.0,0.0
IAM Liquidez en Dólares - Clase J,USD,2026-05-08,0.0,1000,0.0,0.0,0.0
IAM Liquidez en Dólares - Clase Ley Nº 27.743,USD,2026-05-08,0.0,1035.424,0.035,0.772,2.591
IAM Retorno Dólares - Clase A,USD,2026-05-08,0.0,1030.864,0.037,0.773,2.452
IAM Retorno Dólares - Clase B,USD,2026-05-08,0.0,1001.981,0.037,,
IAM Retorno Dólares - Clase C,USD,2026-05-08,0.0,1031.84,0.039,0.791,2.562
IEB Corto Plazo Dólar - Clase A,USD,2026-05-08,0.0,1022.156,0.019,0.417,1.601
IEB Corto Plazo Dólar - Clase B,USD,2026-05-08,0.0,1022.81,0.019,0.425,1.641
IEB Corto Plazo Dólar - Clase X Ley N° 27.743,USD,2026-05-08,0.0,1022.03,0.019,0.418,1.601
Lombard Liquidez Dolares - Clase A,USD,2026-05-08,0.0,1005.931,0.012,0.337,
MAF Cash Dolares I - Clase A,USD,2026-05-08,0.0,1000.467,0.024,,
MAF Cash Dolares I - Clase B,USD,2026-05-08,0.0,1000.524,0.024,,
MAF Cash Dolares I - Clase C,USD,2026-05-08,0.0,1000.45,0.024,,
Max Money Market Dólares - Clase A,USD,2026-05-08,0.0,1012.746,0.012,0.279,0.962
Max Money Market Dólares - Clase B,USD,2026-05-08,0.0,1013.337,0.013,0.296,1.012
Max Money Market Dólares - Clase C,USD,2026-05-08,0.0,1006.73,0.012,0.278,0.673
Max Money Market Dólares - Clase D,USD,2026-05-08,0.0,1002.594,0.013,0.251,0.259
Max Money Market Dólares - Clase E Ley N° 27.743,USD,2026-05-08,0.0,1007.817,0.016,0.329,116605.34
MEGAQM Liquidez Dólar - Clase A,USD,2026-05-08,0.0,1010.629,0.021,0.426,1.525
MEGAQM Liquidez Dólar - Clase B,USD,2026-05-08,0.0,1013.675,0.022,0.443,1.575
MEGAQM Liquidez Dólar - Clase Ley N° 27.743,USD,2026-05-08,0.0,1023.535,0.021,0.425,1.525
Novus Dólar MM - Clase A,USB,2026-05-08,1.0,1000.14,0.004,,
Novus Dólar MM - Clase B,USB,2026-05-08,1.0,1000.164,0.004,,
Novus Dólar MM - Clase D,USB,2026-05-08,1.0,1000,0.0,,
Novus Dólar MM - Clase E,USB,2026-05-08,1.0,1000.138,0.004,,
Novus Dólar MM - Clase F,USB,2026-05-08,1.0,1000.15,0.004,,
Novus Dólar MM - Clase G,USB,2026-05-08,1.0,1000,0.0,,
Novus Dólar MM - Clase H,USB,2026-05-08,1.0,1000,0.0,,
Novus Dólar MM - Clase I,USB,2026-05-08,1.0,1000,0.0,,
Novus Dólar MM - Clase J Ley Nº 27.743,USB,2026-05-08,1.0,1000,0.0,,
Novus Dólar MM - Clase X,USB,2026-05-08,1.0,1000,0.0,,
Novus Dólar MM - Clase Y,USB,2026-05-08,1.0,1000,0.0,,
Novus Dólr CMM - Clase C,USB,2026-05-08,1.0,1000,0.0,,
Parakeet Pesos - Clase C,ARS,2026-05-08,0.0,1000,0.0,0.0,0.0
Parakeet Pesos - Clase D,ARS,2026-05-08,0.0,1000,0.0,0.0,0.0
Pellegrini Money Market USD - Clase A,USD,2026-05-08,0.0,1014.154,0.014,0.263,1.037
Pellegrini Money Market USD - Clase B,USD,2026-05-08,0.0,1014.873,0.015,0.28,1.087
Pellegrini Money Market USD - Clase R Ley N° 27.743,USD,2026-05-08,0.0,1013.668,0.0,0.226,0.999
Pionero Money Market Dólar - Clase A,USD,2026-05-08,1.0,1017.38,0.012,0.321,1.233
Pionero Money Market Dólar - Clase B,USD,2026-05-08,1.0,1018.082,0.014,0.357,1.303
Pionero Money Market Dólar - Clase C Ley Nº 27.743,USD,2026-05-08,1.0,1017.38,0.012,0.321,1.233
Pionero Money Market Dólar - Clase D,USD,2026-05-08,1.0,1017.34,0.012,,
Pionero Money Market Dólar - Clase E,USD,2026-05-08,1.0,1018.044,0.014,,
Premier Corto Plazo en Dólares - Clase A,USD,2026-05-08,0.0,1011.506,0.016,0.382,
Premier Corto Plazo en Dólares - Clase B,USD,2026-05-08,0.0,1010.73,0.014,0.346,
Premier Corto Plazo en Dólares - Clase C,USD,2026-05-08,0.0,1000,0.0,0.0,
Premier Corto Plazo en Dólares - Clase Ley N° 27.743,USD,2026-05-08,0.0,1011.162,0.016,0.382,
Superfondo Ahorro en Dólares - Clase A,USD,2026-05-08,0.0,1015.631,0.009,0.324,1.134
Superfondo Ahorro en Dólares - Clase B,USD,2026-05-08,0.0,1017.14,0.01,0.342,1.184
Superfondo Ahorro en Dólares - Clase H,USD,2026-05-08,0.0,1015.628,0.009,0.324,1.134
Superfondo Ahorro en Dólares - Clase I,USD,2026-05-08,0.0,1017.135,0.01,0.342,1.184
Superfondo Ahorro en Dólares - Clase M Ley N° 27.743,USD,2026-05-08,0.0,1015.632,0.009,0.324,1.134
Toronto Trust Money Market Dólar - Clase A,USD,2026-05-08,0.0,1016.409,0.014,0.346,1.142
Toronto Trust Money Market Dólar - Clase B,USD,2026-05-08,0.0,1017.98,0.016,0.381,1.243
Toronto Trust Money Market Dólar - Clase C,USD,2026-05-08,0.0,1017.202,0.015,0.364,1.194
Toronto Trust Money Market Dólar - Clase D,USD,2026-05-08,0.0,1000,0.0,,
Toronto Trust Money Market Dólar - Clase Ley N° 27.743,USD,2026-05-08,0.0,1016.412,0.014,0.346,1.142
Fima Premium Dólares - Clase A,USD,2026-05-08,0.0,1013.348,0.007,0.316,1.082
Fima Premium Dólares - Clase B,USD,2026-05-08,0.0,1013.354,0.007,0.316,1.082
Fima Premium Dólares - Clase C,USD,2026-05-08,0.0,1013.349,0.007,0.316,1.082
Fima Premium Dólares - Clase L,USD,2026-05-08,0.0,1010.501,,,
Fima Premium Dólares - Clase N,USD,2026-05-08,0.0,1000.259,0.007,,
SBS Liquidez USD - Clase A,USD,2026-05-08,0.0,1020.384,0.018,0.386,1.391
SBS Liquidez USD - Clase B,USD,2026-05-08,0.0,1020.434,0.018,0.386,1.391
SBS Liquidez USD - Clase Ley 27.743,USD,2026-05-08,0.0,1017.107,0.018,0.385,1.407
Valiant Money Market Dolares - Clase A,USD,2026-05-08,0.0,1007.155,0.02,0.424,
Valiant Money Market Dolares - Clase B,USD,2026-05-08,0.0,1006.948,0.02,0.416,
Valiant Money Market Dolares - Clase C - Ley Nº 27.743,USD,2026-05-08,0.0,1003.65,0.0,0.262,
Balanz Money Market USD - Clase A,USD,2026-05-08,0.0,1023.204,0.016,0.454,1.584
Balanz Money Market USD - Clase B,USD,2026-05-08,0.0,1023.928,0.017,0.471,1.634
Balanz Money Market USD - Clase C,USD,2026-05-08,0.0,1021.814,0.017,0.471,1.634
Balanz Money Market USD - Clase D,USD,2026-05-08,0.0,1015.831,0.016,0.454,1.583
Balanz Money Market USD - Clase E,USD,2026-05-08,0.0,1012.422,0.017,0.472,1.242
Balanz Money Market USD - Clase L Ley Nº 27.743,USD,2026-05-08,0.0,1022.768,0.016,0.454,1.584
Wise Capital Dollar Money Market - Clase A,ARS,2026-05-08,0.0,1000.518,0.021,,
Wise Capital Dollar Money Market - Clase B,ARS,2026-05-08,0.0,1000.547,0.021,,
Wise Capital Dollar Money Market - Clase C,ARS,2026-05-08,0.0,1000.625,0.024,,
Wise Capital Dollar Money Market - Clase D,ARS,2026-05-08,0.0,1000,0.0,,
Crecer Liquidez Dolares - Clase A,USD,2026-05-08,1.0,1000.86,,,
Crecer Liquidez Dolares - Clase B,USD,2026-05-08,1.0,1000.829,,,
Quiron Money Market USD - Clase A,USD,2026-05-08,0.0,1002.312,0.025,,
Quiron Money Market USD - Clase B,USD,2026-05-08,0.0,1002.279,0.024,,
Quiron Money Market USD - Clase C,USD,2026-05-08,0.0,1000,0.0,,
Fondos Cerrados Peso Argentina,,2026-05-08,,,,,
Dracma FCIC Inmobiliario - Clase A,ARS,2026-05-08,2.0,12714.3,,,
Dracma FCIC Inmobiliario - Clase B,ARS,2026-05-08,2.0,12714.3,,,
FCIC Inmobiliario Puerto Nizuc - Clase A,ARS,2026-05-08,10.0,3316.198,,,
GSS Inmobiliario I FCIC,ARS,2026-05-08,999.0,5664.761,,,
Pellegrini I FCIC - Clase U,ARS,2026-05-08,2.0,11741.762,,,
Terrazas Del Volcan Inmobiliario FCIC,ARS,2026-05-08,0.0,3643.077,,,
ADBlick Ganaderia FCIC,ARS,2026-05-08,99999.0,1180.012,,,
Allaria Nomada Renta Corporativa FCIC - Clase A,ARS,2026-05-08,9999.0,11233.453,,,
Allaria Nomada Renta Corporativa FCIC - Clase B,ARS,2026-05-08,9999.0,11693.261,,,
Allaria Nomada Renta Corporativa FCIC - Clase C,ARS,2026-05-08,9999.0,11588.243,,,
GNNW SBS FCIC Ganadero W86,ARS,2026-05-08,9999.0,8466.391,,,
Mercadolibre Cerrado De Créditos,ARS,2026-05-08,0.0,1010.71,0.499,,
Allaria Residencial I FCIC,ARS,2026-05-08,999.0,22303.15,,,
Fondos Cerrados Dolar Estadounidense,,2026-05-08,,,,,
ADBlick Granos Plus FCIC,USD,2026-05-08,2.0,668.44,,,
Allaria Adblick Granos FCIC Agropecuario,USD,2026-05-08,9999.0,993.064,,,
Allaria Argencons Pto. M. FCIC Ley 27260 - Clase A,USD,2026-05-08,999.0,1405.532,,,
Allaria Argencons Pto. M. FCIC Ley 27260 - Clase B,USD,2026-05-08,999.0,1405.532,,,
Allaria Lendar Creditos - Clase A,USD,2026-05-08,1.0,1022.37,,,
Allaria Rdcial. Casasarg FCIC Ley 27260 - Clase A,USD,2026-05-08,999.0,1373.451,,,
Allaria Rdcial. Casasarg FCIC Ley 27260 - Clase B,USD,2026-05-08,999.0,1373.451,,,
First Renta Agro FCIC Ley 27260 - Clase A,USD,2026-05-08,999.0,445.315,,,
First Renta Agro FCIC Ley 27260 - Clase B,USD,2026-05-08,999.0,445.316,,,
First Renta Agro FCIC Ley 27260 - Clase C,USD,2026-05-08,999.0,445.316,,,
Quinquela Predial FCIC Ley 27260 - Clase A,USD,2026-05-08,999.0,151.803,,,
Quinquela Predial FCIC Ley 27260 - Clase B,USD,2026-05-08,999.0,155.681,,,
Quinquela Predial FCIC Ley 27260 - Clase C,USD,2026-05-08,999.0,160.46,,,
SBS Infraestructura y Desarrollo Productivo FCIC Ley 27260 - Clase A,USD,2026-05-08,2.0,1559.919,,,
Consultatio Inmobiliario FCIC Ley 27260 - Clase A,USD,2026-05-08,999.0,685.801,,,
Consultatio Inmobiliario FCIC Ley 27260 - Clase B,USD,2026-05-08,999.0,685.801,,,
FCIC Inmobiliario Al Rio Ley 27260 - Clase A,USD,2026-05-08,999.0,600.169,0.0,0.0,-0.003
FCIC Inmobiliario Al Rio Ley 27260 - Clase B,USD,2026-05-08,999.0,600.27,0.0,0.001,-0.003
SBS Creaurban Desarrollo FCIC - Clase A,USD,2026-05-08,9999.0,1354.357,,,
SBS Creaurban Desarrollo FCIC - Clase C,USD,2026-05-08,9999.0,1320.173,,,
"Fondos Liquidos, con rescate en efectivo",,2026-05-08,,,,,
       Que no Suscriben Cuotapartes,,2026-05-08,,,,,
Mercado de Dinero Peso Argentina,,2026-05-08,,,,,
Lombard Ahorro,ARS,2026-05-08,1.0,73971.504,0.324,5.704,16.958
Pellegrini Renta,ARS,2026-05-08,1.0,6775.941,0.288,6.657,27.23
Roble Ahorro Dolares en $ Liquido - Clase G,ARS,2026-05-08,0.0,3545.032,,,
Mercado de Dinero Dolar Estadounidense,,2026-05-08,,,,,
Super Ahorro U$S - Clase A ex Letes,USD,2026-05-08,3.0,41.211,-0.035,-0.637,-1.773
Super Ahorro U$S - Clase B ex Letes,USD,2026-05-08,3.0,42.634,-0.03,-0.55,-1.526
Roble Ahorro Dolares en $ Libre Disp. en Dolares,ARS,2026-05-08,0.0,1007.267,,,
"Fondos Iliquidos, con rescate en especies (P/E)",,2026-05-08,,,,,
       Que no Suscriben Cuotapartes,,2026-05-08,,,,,
Clases en Dolar Estadounidense,,2026-05-08,,,,,
Super Ahorro U$S - Clase A,USD,2026-05-08,3.0,(**),,,
Super Ahorro U$S - Clase B,USD,2026-05-08,3.0,(**),,,
Fondos en Proceso de Liquidacion,,2026-05-08,,,,,
        En Proceso de Liquidacion por Pago Parcial y Especies,,2026-05-08,,,,,
Supergestion Multimercado - Clase A,ARS,2026-05-08,2.0,,,,
Supergestion Multimercado - Clase B,ARS,2026-05-08,2.0,,,,
Supergestion Multimercado - Clase C,ARS,2026-05-08,2.0,,,,
Superfondo Ahorro U$S - Cash,USD,2026-05-08,3.0,,,,
        Solicitud en tramite,,2026-05-08,,,,,
Cohen Cobertura - Clase A,ARS,2026-05-08,2.0,15007.951,0.0,0.0,0.0
Cohen Cobertura - Clase B,ARS,2026-05-08,2.0,15805.664,0.0,0.0,0.0
Cohen Cobertura - Clase C,ARS,2026-05-08,2.0,728.674,0.0,0.0,0.0
Cohen Cobertura - Clase D,ARS,2026-05-08,2.0,725.666,0.0,0.0,0.0
        En Proceso de Liquidacion por Pago Total,,2026-05-08,,,,,
Atlas Div $ U$S y Otras Mon (Valor Final de Liq.),ARS,2026-05-08,-1.0,177.933,,,
Superfondo Equilibrado - Clase A,ARS,2026-05-08,1.0,44400.246,,,
Superfondo Equilibrado - Clase B,ARS,2026-05-08,1.0,45156.409,,,
Superfondo Equilibrado - Clase C,ARS,2026-05-08,1.0,48640.452,,,
Superfondo Equilibrado - Clase D,ARS,2026-05-08,1.0,48370.296,,,
Atlas (Valor final de liquidacion),ARS,2026-05-08,-1.0,0.319,,,
Delval,ARS,2026-05-08,3.0,318.851,,,
Litoral (En proceso de liquidacion),ARS,2026-05-08,-1.0,109.268,,,
"(*) Determinación del valor de la cuotaparte, rescates y/o suscripciones suspendidos.",,2026-05-08,,,,,
(**) Liquidez sujeta a reprogramacion BCRA.,,2026-05-08,,,,,
(***) Pago en especies previa autorizacion de la CNV.,,2026-05-08,,,,,
P/E Pago en especies.,,2026-05-08,,,,,
"Advertencia: ""Los rendimientos atribuidos en el informe a los distintos Fondos han sido calculados sin tener en consideración los pagos de distribución de utilidades que pudieran haber ocurrido""",,2026-05-08,,,,,
